keyword,freq
객실,290
직원,282
냄새,217
예약,187
청소,176
시설,163
상태,157
모텔,155
생각,154
침대,145
화장실,142
가격,139
체크,138
청결,135
먼지,121
소리,119
최악,117
바닥,117
주차,115
이용,115
정도,108
머리카락,101
리뷰,100
방음,98
서비스,94
사람,94
처음,92
느낌,92
침구,91
이불,87
수건,87
조식,84
샤워,83
사진,77
주차장,72
프론트,69
창문,69
담배,67
에어컨,67
사용,67
별로,65
건물,65
주변,64
온도,63
관리,63
위치,61
응대,60
도안,59
안내,58
추가,58
욕실,57
전화,57
매우,54
난방,53
확인,53
없어서,53
같습니다,52
수준,52
곰팡이,52
다시,52
실망,51
아침,51
새벽,51
고객,51
보고,50
같은,48
부분,46
계속,44
문제,44
변기,43
컨디션,42
없는,41
욕조,41
물이,40
요청,40
배정,40
손님,40
소음,40
후기,40
교체,39
냉장고,39
저녁,39
엉망,39
전체,39
가족,38
체크아웃,38
방이,38
입실,37
투숙,37
바다,37
수영장,37
기본,37
얼룩,36
노후,36
연락,36
달라,36
편의점,36
오션,36
칫솔,36
신경,36
안됨,35
없습니다,34
전혀,34
위생,34
슬리퍼,34
근처,34
옆방,34
리조트,33
내부,32
대비,32
장점,32
추천,31
모델링,31
테이블,31
없어,30
개선,30
음식,30
로비,30
머리,30
직접,29
그대로,29
절대,29
같네요,29
남자,28
친절,28
제대로,28
티비,28
완전,28
가지,27
복도,27
문의,26
커버,26
카운터,26
온천,26
오래된,26
치약,26
선택,26
얘기,26
수압,26
자체,25
공사,25
많고,25
좋지,25
베개,25
고해,25
실내,25
가나,24
단점,24
단체,24
커튼,24
자국,24
일반,24
참고,24
바람,24
방안,24
의자,23
안된,23
인테리어,23
조절,23
있는데,23
좋게,23
안되서,22
결제,22
환기,22
히터,22
비용,22
이해,22
제공,22
친구,22
아닌,22
이름,22
식당,22
고장,22
이안,22
아니라,21
해도,21
좋아서,21
도아,21
잘못,21
외부,20
엘리베이터,20
있음,20
세면대,20
방도,20
온돌방,20
커피,20
미리,20
안되고,20
작동,20
금액,19
입구,19
비치,19
말씀,19
그런,19
데스크,19
같아,19
당황,19
안되는,19
없네요,19
어메니티,19
보이,18
샴푸,18
준비,18
지하,18
거울,18
위해,18
교육,18
면서,18
방충,18
아예,18
없어요,18
말투,18
쓰레기,18
접근성,18
나름,17
요금,17
전반,17
무료,17
분위기,17
누가,17
부모님,17
중앙,17
여자,17
제일,17
태도,17
많은,17
사장,17
다가,17
먼저,17
인할,17
요즘,17
좋은데,17
가안,16
하니,16
한참,16
좋음,16
온돌,16
흡연,16
카펫,16
안되어,16
상당히,16
굉장히,16
운영,16
연결,16
경험,16
주말,16
없었습니다,16
잠도,16
이건,15
고프,15
려고,15
할인,15
리모컨,15
불편했어요,15
가장,15
더블,15
나쁘지,15
충격,15
환불,15
처리,15
포함,15
콘센트,15
신분,15
좀더,15
일찍,15
고물,15
아니고,15
없다,15
아쉽네요,15
비누,14
카페,14
좁고,14
설명,14
저렴한,14
기도,14
도로,14
일회용,14
전자레인지,14
아쉬움,14
몇번,14
밤새,14
곳도,14
키즈,14
물질,14
겨울,14
해결,14
있었고,14
크기,14
안좋은,14
일부러,14
공간,14
벽지,14
번호,14
불친절,14
패키지,14
불편했습니다,14
점검,14
그런지,14
거실,14
층간소음,14
안나,13
많아,13
없을,13
아닌가요,13
예전,13
기대,13
요구,13
벌레,13
둘째,13
개인,13
아님,13
수구,13
더러워서,13
입니,13
강아지,13
첫날,13
아무,13
이그,13
크게,13
작고,13
충전기,13
아닌데,13
야할듯,13
없다고,13
이유,13
아닙니다,13
일정,13
현장,13
여관,13
감기,13
필요해,13
안해,13
아쉽습니다,13
바디,13
사항,13
업그레이드,12
타고,12
사과,12
여직원,12
넷플릭스,12
베란다,12
조명,12
따뜻한,12
추워서,12
아쉬운,12
이제,12
화장,12
위트,12
건데,12
샤워실,12
있었습니다,12
날씨,12
이아,12
넓고,12
충전,12
아쉬웠어요,12
당일,12
일회용품,12
이야기,12
룸서비스,12
덕분,12
안보,12
별도,12
같은데,12
같은게,12
휴지,12
본인,12
두번째,12
물때,12
고함,11
중간,11
일이,11
대한,11
깜짝,11
변경,11
부족,11
로안,11
있어요,11
뭔가,11
안된다고,11
화가,11
지도,11
불편,11
이미지,11
현관,11
는걸,11
드라이기,11
자고,11
모든,11
옛날,11
스트레스,11
좋겠네요,11
아기,11
을해,11
시작,11
거기,11
라면,11
여기저기,11
전망,11
커서,11
애견,11
스테이,11
외국인,11
세면,11
불량,11
인사,11
같음,11
다방,11
연휴,11
식사,11
보통,11
그것,10
발견,10
보임,10
금연,10
표정,10
오염,10
싱글,10
솔직히,10
안전,10
엘베,10
기류,10
숙박업소,10
시스템,10
서방,10
테라스,10
정리,10
외관,10
취소,10
런트,10
요물,10
판매,10
번은,10
전기,10
은방,10
세탁,10
오후,10
없는데,10
지금,10
살짝,10
편하게,10
오피스텔,10
추워,10
아래,10
진심,10
만족,10
온수,10
사우나,10
이별,10
취사,10
후회,10
많음,10
불가,9
라마,9
비지니스,9
용할,9
좋을것,9
답변,9
약했는데,9
실망했습니다,9
가요,9
용품,9
많습니다,9
고요,9
악취,9
서안,9
지불,9
문자,9
셀프,9
요리,9
인지,9
무심해서,9
피해,9
안되,9
역시,9
쿠폰,9
괜찮았어요,9
뚜껑,9
같아서,9
이틀,9
괜찮은,9
작은,9
없으니,9
아쉬웠습니다,9
더니,9
요하,9
교통,9
여름,9
기억,9
구매,9
대충,9
도대체,9
고간,9
보기,9
배달,9
가운,9
방법,9
대처,9
음식물,9
야합,9
센터,9
장난,9
비비큐,9
실수,9
캐리어,9
자리,9
맛집,9
비교,9
대해,9
고민,9
가세,9
이상한,9
많아요,9
짜증,9
불편합니다,9
부스,9
공기청정기,9
그래요,9
카페트,9
등록,9
얼굴,9
환풍기,9
있었어요,9
대화,8
하수,8
좋았는데,8
있네요,8
안쪽,8
나중,8
나머지,8
매니,8
오래되서,8
구석구석,8
수기,8
인근,8
정비,8
심해,8
야외,8
안됩니다,8
끼리,8
입장,8
쇼파,8
동네,8
마지막,8
마을,8
공용,8
도제,8
야함,8
굳이,8
도착,8
식기,8
말소리,8
커피포트,8
바퀴벌레,8
있지만,8
없었고,8
싱크대,8
인시,8
노벨,8
거미줄,8
솔직,8
불편한,8
대부분,8
많았고,8
세탁기,8
엘레베이터,8
매트리스,8
오토바이,8
휴대폰,8
대응,8
관광,8
이돈,8
천장,8
교환,8
스탠다드,8
수영,8
가제,8
구조,8
이벤트,8
소파,8
용하지,8
락스,8
편의,8
주방,8
보시,8
편히,8
가면,8
걸이,8
곳곳,8
불편함,8
데리,8
생수,8
역대,8
바베큐,8
플레인,8
순간,8
첨부,8
심함,8
제외,8
이기,8
의문,8
타워,8
고려,8
불친절하고,8
공기,8
가방,8
보일러,8
타월,8
오전,8
주차공간,8
이동,8
뷔페,7
베드,7
새로,7
포기,7
해수욕장,7
인덕션,7
콘도,7
부대,7
드릴,7
용하기,7
스타,7
에이,7
편입,7
설거지,7
시트,7
잔뜩,7
설치,7
구석,7
고하,7
안좋았어요,7
이예,7
뜨거운,7
흔적,7
가득,7
프런트,7
모기,7
기준,7
퇴실,7
힘들었어요,7
평일,7
기전,7
광고,7
평소,7
박했는데,7
좋네요,7
바퀴,7
외출,7
헤드,7
엄마,7
제대,7
동반,7
연박,7
냉동,7
필요한,7
밤늦게,7
물건,7
신축,7
가가,7
안함,7
깨끗한,7
고문,7
야할것,7
오늘,7
유선,7
어플,7
신라,7
다해,7
건아,7
손가락,7
좋겠습니다,7
업체,7
춥다,7
린스,7
지저분하고,7
친절하고,7
더주고,7
많았어요,7
지역,7
공항,7
그럴,7
없었음,7
침실,7
용하는,7
깨끗하고,7
마냥,7
있으면,7
군산,7
도저히,7
영수증,7
관련,7
이하,7
피부,7
발생,7
가도,7
신안,7
다행,7
산책로,7
최대,7
없었어요,7
숙박시설,7
급하게,7
추웠어요,7
이바,7
친절한,7
블라인드,7
사이,7
남편,7
웬만하면,7
구비,6
온건,6
불친절함,6
금방,6
야하는,6
양말,6
와이프,6
불쾌했습니다,6
구멍,6
예정,6
식도,6
수학여행,6
불만족,6
이용도,6
싫어서,6
만해,6
있으나,6
괜찮아요,6
넓어서,6
유료,6
온몸,6
규정,6
야하는거,6
레지던스,6
실물,6
용했습니다,6
펜션,6
소하,6
비즈니스,6
고조,6
주문,6
개조,6
서하,6
가보,6
애초,6
배수,6
다른사람,6
오스,6
유리,6
중국인,6
날밤,6
파크,6
볼일,6
필터,6
기계,6
일행,6
스탠드,6
좁아요,6
아저씨,6
남아,6
거나,6
용했는데,6
요조,6
전기장판,6
하룻밤,6
불쾌한,6
체인지,6
괜찮았습니다,6
용한,6
이면,6
퀘퀘,6
약해서,6
원래,6
컴퓨터,6
좋을,6
점도,6
프로,6
하자,6
착각,6
낙후,6
양호,6
행사,6
있었는데,6
무난,6
던데,6
감안,6
비싼,6
아보,6
안되어있고,6
박하고,6
와이파이,6
몇개,6
어둡고,6
규모,6
만하,6
산책,6
석식,6
기대했는데,6
통화,6
항의,6
더럽고,6
마감,6
딱히,6
시티,6
오지,6
회원,6
필요합니다,6
사정,6
핸드폰,6
평이,6
대신,6
도보,6
허리,6
가든,6
오시,6
원추,6
클레,6
대기,6
같고,6
반복,6
종이,6
깔끔하고,6
신발,6
착해서,6
낡고,6
컨디셔,6
로예,6
심하게,6
보관,6
캉스,6
도구,6
있다고,6
형편,6
여자친구,6
과정,6
좋았으나,6
시프,6
다룸,6
신랑,6
아닌듯,6
목소리,6
전화했더니,6
필수,6
구류,6
쉰내,6
인해,6
친절하게,6
더럽습니다,6
수리,6
불친절합니다,6
평점,6
대체,6
퀄리티,6
사이즈,6
필요,6
설정,6
서약,5
주시,5
스러웠어요,5
계시,5
황리,5
수가,5
취약,5
공지,5
속초,5
조용히,5
인후,5
없을것,5
미터,5
고리,5
도나,5
기사,5
작성,5
차비,5
건조하고,5
아깝네요,5
한실,5
런가,5
의미,5
호수,5
낡은,5
서예,5
안좋아요,5
대답,5
이드,5
신고,5
요다음,5
주위,5
게다,5
도리,5
친절함,5
괜찮은데,5
분리,5
시골,5
불만,5
탁자,5
질문,5
차가,5
분명,5
좋을듯,5
넓은,5
실망했어요,5
마리,5
기만,5
가능,5
대요,5
아내,5
라그,5
뻔했습니다,5
상상,5
커플,5
그렇고,5
서재,5
노천,5
근무,5
세트,5
날룸,5
채널,5
식이,5
프론,5
점수,5
구경,5
기름,5
물티슈,5
체적,5
만리,5
비상,5
친절하진,5
그게,5
생일,5
바깥,5
스파,5
괜찮음,5
친절하지,5
까페,5
용했어요,5
매니저,5
브라운,5
줄알,5
헬스장,5
맥주,5
한장,5
컵라면,5
서랍,5
수도,5
전날,5
방향,5
만족스러웠습니다,5
좋으나,5
모니터,5
대면,5
내내,5
투자,5
로션,5
먹거리,5
차량,5
기대하고,5
고기,5
고이,5
인원,5
신경안,5
지방,5
가구,5
고무,5
엠프레스,5
있던,5
개별,5
급히,5
시끄럽고,5
조치,5
있을,5
없다는,5
추워요,5
모습,5
개월,5
지모,5
없더군요,5
아닌거,5
만족합니다,5
과자,5
가까워서,5
좋을거,5
낮은,5
음료,5
걱정,5
계획,5
웨딩,5
방치,5
있었네요,5
찝찝해서,5
진동,5
개판,5
여유,5
누군가,5
편함,5
결론,5
세월,5
도어,5
불가능,5
어머니,5
한편,5
검색,5
고생,5
깔끔한,5
다른건,5
가기,5
좋겠어요,5
최근,5
안좋아서,5
매일,5
딱딱하고,5
이따,5
해운대,5
리기,5
차로,5
향기,5
만사,5
화면,5
계단,5
용하는데,5
불구,5
고층,5
많았습니다,5
실제,5
이용자,5
료칸,5
전주,5
대위,5
전화해서,5
아쉬워요,4
지인,4
없는건,4
어제,4
경관,4
용했고,4
그다음,4
천원,4
매트,4
광안대교,4
유성,4
세번,4
완료,4
보지,4
가배,4
세제,4
문도,4
기존,4
힘들었네요,4
서문,4
도고,4
있는게,4
있다는,4
안좋고,4
괜찮았지만,4
내일,4
거미,4
싸구려,4
사전,4
비밀번호,4
에전,4
부탁드립니다,4
여인숙,4
대안,4
약품,4
차례,4
걸레,4
요기,4
창고,4
시도,4
죄송하다고,4
중심,4
여태,4
음식점,4
다르네요,4
힘들,4
찾기,4
커텐,4
센스,4
정보,4
가까이,4
목욕,4
오픈,4
가게,4
호실,4
기온,4
심각합니다,4
면도기,4
제발,4
파티,4
영하,4
가작,4
자꾸,4
덜덜,4
잘되지,4
미지근한,4
행시,4
음가,4
있던데,4
그거,4
불편했네요,4
리가,4
이간,4
연기,4
풍경,4
제어,4
찝찝하고,4
거지,4
전화기,4
기념,4
결정,4
나이,4
신건,4
발코니,4
더군요,4
안될것,4
히노끼,4
루프,4
일출,4
모시,4
데이,4
피씨,4
이전,4
정신,4
죄송합니다,4
괜찮다,4
의심,4
약했습니다,4
해바라기,4
가까운,4
찌린,4
약해요,4
이하나,4
실리콘,4
불쾌하고,4
여분,4
이후,4
휴지통,4
그렇,4
가끔,4
즐거운,4
의안,4
모래,4
야해서,4
추위,4
어른,4
모로,4
지배인,4
비행기,4
성의,4
다양한,4
윗층,4
기물,4
용도,4
키도,4
손잡이,4
죄송하다는,4
오래되어서,4
바람소리,4
비슷한,4
친절하세요,4
은별,4
있었다고,4
종교,4
쿰쿰한,4
고급,4
왠만하면,4
구입,4
비싸고,4
결혼식,4
무색,4
안좋음,4
높이,4
야할거,4
하나요,4
부스러기,4
저렴하게,4
불편하,4
장물,4
어르신,4
학생,4
다릅니다,4
인하,4
유지,4
관광객,4
찬물,4
건가,4
서한,4
인기,4
괜찮았는데,4
안주,4
없는지,4
송도,4
인천공항,4
무조건,4
트윈,4
불편했고,4
노란,4
해변,4
적정,4
황당,4
성인,4
신관,4
세척,4
경치,4
전자렌지,4
전화하니,4
서자,4
경주,4
실시간,4
그랬어요,4
취객,4
아까워요,4
한적,4
따뜻하고,4
산속,4
수세미,4
프로포즈,4
추석,4
여성,4
오락실,4
마인드,4
있으,4
뒤쪽,4
없을듯,4
스러웠습니다,4
부가,4
애기,4
서사,4
모서리,4
버튼,4
도시,4
기어,4
불쾌하게,4
첫인상,4
알바,4
청해,4
비데,4
아들,4
인포,4
여행객,4
더워서,4
오기,4
같네,4
있는거,4
경찰,4
스럽네요,4
딱딱한,4
에프,4
보호,4
나무,4
가진동,4
서너,4
다그,4
반응,4
문구,4
냉장,4
롯데,4
있어도,4
전기포트,4
그릇,4
환경,4
냄비,4
소통,4
디자인,4
니지,4
리모콘,4
이구,4
이듭,4
난리,4
자세히,4
고제,4
동시,4
보태,4
불편해요,4
세상,4
잡고,4
방식,4
판단,4
편합니다,4
물품,4
옷장,4
이아주,4
묵고,4
국물,4
있으니,4
헤어,4
도해,4
아까워서,4
안되니까,4
용해,4
안되면,4
숙객,4
달랑,4
강남,4
가라,4
안된다,4
제시,4
가동,4
다짐,4
있었지만,4
전등,4
귀찮아서,4
쓰레기통,4
헤지,3
빌라,3
친절하십니다,3
서연,3
지급,3
디럭스,3
노천온천,3
있는듯,3
알람,3
용이,3
서도,3
불친절해요,3
선풍기,3
대욕,3
없냐고,3
주네,3
기다림,3
있었,3
이런거,3
길이,3
실전,3
이상하고,3
맞은편,3
계신,3
인텔,3
쪽문,3
검정,3
있더라구요,3
가납,3
높은,3
시장,3
넓어,3
부착,3
치킨,3
만큼,3
좋았음,3
스럽습니다,3
유흥가,3
전화해야,3
좋다고,3
심합니다,3
이이,3
수면,3
아까운,3
만주,3
소변,3
장예,3
도사,3
휴식,3
없구요,3
좋다,3
된거,3
왜안,3
도입,3
좁아서,3
수도꼭지,3
충분히,3
집게,3
친절하셨지만,3
간단히,3
만추,3
성수,3
후회되는,3
용할수있는,3
젊은,3
맛있고,3
눈치,3
마루,3
있는지,3
비수,3
시끄러워요,3
융통성,3
예민,3
습한,3
온갖,3
많았음,3
한겨울,3
있더라고요,3
평가,3
요한,3
배드,3
안남,3
구덩이,3
요추,3
치가,3
별루,3
음료수,3
만원,3
베타,3
힘들었고,3
나빠,3
없었네요,3
고통,3
작아요,3
벌금,3
볼때,3
인용,3
메뉴,3
자제,3
작은건,3
아니었습니다,3
패스,3
좋아하는,3
낡았고,3
책상,3
잠옷,3
깨끗하지,3
정이,3
안된다하고,3
좋지도,3
하얀,3
가루,3
인해서,3
가왜,3
좋지만,3
배터리,3
매점,3
코앞,3
자동차,3
냉동식품,3
유령,3
달랐습니다,3
이렇게나,3
관리인,3
찝찝하네요,3
덜렁,3
고온,3
저녁식사,3
스위치,3
다운,3
베드룸,3
사유,3
스위트룸,3
조합,3
맨발,3
고위,3
전화하면,3
고지,3
청결하지,3
친절하셨어요,3
인도,3
아깝고,3
저렴하다고,3
있게,3
시나,3
불어,3
감성,3
장사,3
인정,3
오물,3
이외,3
양심,3
아동,3
대체로,3
불편하고,3
최소,3
부탁,3
높아서,3
실시,3
무시,3
수납,3
한쪽,3
검게,3
리버,3
다재,3
열한시,3
스러웠네요,3
물놀이,3
무인,3
비번,3
기념일,3
용하지도,3
야하는데,3
찜질방,3
못해,3
벚꽃,3
의아,3
시끄러워,3
좋길래,3
피하,3
중문,3
그러네요,3
미닫이,3
약함,3
일어나서,3
어머님,3
예상,3
페트병,3
넉넉함,3
안되는데,3
많지,3
좋았던,3
한상태,3
박하,3
계셨는데,3
청결한,3
같다는,3
색깔,3
숙면,3
동생,3
편도,3
고추,3
말라,3
마찬가지,3
불도,3
레이,3
고재,3
위아래,3
식탁,3
어깨,3
수수료,3
퇴근,3
차서,3
누런,3
데넘,3
기회,3
전국,3
다비,3
조작,3
도기,3
서기대,3
점점,3
바닷가,3
그렇다치고,3
터미널,3
포차,3
분도,3
입금,3
달리,3
어이없네요,3
침대시트,3
행위,3
비만,3
분명히,3
야합니다,3
같았습니다,3
가룸,3
버스,3
시선,3
힘들어,3
아팠어요,3
옆협탁,3
담당자,3
아쉬웠고,3
다행히,3
없었으며,3
지고,3
가드,3
기구,3
없지만,3
사무실,3
에손,3
덩어리,3
다르게,3
정문,3
표현,3
여서,3
영도,3
고집,3
같지만,3
좀비,3
야할,3
방바닥,3
여행가,3
맞이,3
고전,3
라서,3
편리,3
안되어있어서,3
힘들었습니다,3
이모,3
좁은데,3
여러가지,3
이런건,3
괜찮았고,3
지속,3
불친절한,3
없었지만,3
만족하고,3
별점,3
부도,3
요원,3
절기,3
죄송하,3
기대했던,3
가깝고,3
이정,3
광안,3
단말,3
중국,3
좋았,3
자동,3
은하,3
마트,3
구성,3
새통,3
제거,3
보이지,3
이세,3
결혼,3
축복,3
쇼핑,3
괜찮아,3
집안,3
아니지만,3
신기했습니다,3
영화관,3
고춧가루,3
고협,3
대고,3
나위,3
인하고,3
좋았네요,3
닌지,3
본적,3
데프론,3
피곤한,3
을사,3
그러려니,3
분실물,3
리안,3
도모,3
겨울철,3
책임,3
디파,3
이차,3
덕지덕지,3
불친절해서,3
주의,3
음객,3
포항,3
유독,3
가시,3
무더워,3
기겁,3
모임,3
약속,3
좋진,3
없는게,3
보상,3
유명,3
결과,3
이사,3
실망했네요,3
종류,3
더라구요,3
신용카드,3
골목,3
이요,3
없던,3
일부,3
나쁜,3
같구요,3
현금,3
목욕탕,3
아깝습니다,3
비해,3
없는거,3
실망하고,3
좁음,3
안된다네요,3
신청,3
못함,3
무더워서,3
십분,3
검은,3
심했고,3
홍보,3
더러웠어요,3
작업,3
인피니트,3
폐기,3
놀러와,3
지저분해서,3
가차,3
마땅한,3
시끄러,3
같으면,3
깔끔해,3
코오롱,3
야한다고,3
안감,3
오래됨,3
아닌가,3
안되네요,3
우린,3
쓰기,3
고가,3
플레이,3
감고,3
큰일,3
수정,3
아니었다,3
통로,3
배치,3
청하면,3
요일,3
클린,3
어쩌,3
와인,3
내용,3
양념,3
운동,3
더러워요,3
안되어있다,3
첫째,3
메이크업,3
유아,3
나진,3
간단한,3
괜찮습니다,3
큰소리,3
깨끗합니다,3
고안,3
사용자,3
편안한,3
의방,3
두운,3
그럴거면,3
지난번,3
제안,3
코로나,3
선전,3
렌즈,3
음모,3
정확히,3
더라고요,3
투성이,3
추억,3
아닌게,3
파손,3
대명,3
할아버지,3
시끄러운,3
화이트,3
아마,3
진보,3
분리수거,3
분만,3
표지판,3
지그,3
타일,3
아쉬웠지만,3
깔끔해서,3
좋았지만,2
넓은거,2
주심,2
나쁘게,2
위로,2
모자,2
식물,2
명함,2
메뉴얼,2
특급,2
친절하지만,2
다기,2
발전,2
고연,2
반대쪽,2
고추가,2
같았고,2
심각하다,2
표시,2
불편하였습니다,2
시청,2
불상,2
친절했구요,2
현대,2
있어야하지만,2
있어야,2
운행,2
돌침대,2
심히,2
있는것을,2
전방,2
목적,2
언덕,2
지안,2
간전,2
노답,2
건알,2
이방,2
가공,2
간지럽다고,2
식품,2
한지,2
초심,2
부족하다고,2
차가운,2
옆집,2
가사,2
이남,2
운지,2
귀찮고,2
친절하시고,2
친절하지도,2
제제,2
더러워,2
방과,2
좋았을텐데,2
방사,2
고다,2
낮선,2
심했습니다,2
아니어도,2
깨끗했어요,2
함덕,2
다리,2
안경,2
용함,2
커피믹스,2
보구,2
지점,2
서여,2
자넷,2
지저분한,2
편한,2
곤란한,2
창가,2
태보,2
누락,2
시가,2
한일,2
활성화,2
별반,2
요전,2
중요한,2
나마,2
이대환,2
삭제,2
힘들고,2
면숙,2
상품,2
은합,2
문소리,2
좁습니다,2
룸등,2
전화번호,2
공장,2
이마트,2
자정,2
목조,2
안되어있는듯,2
인조잔디,2
리프트,2
아픔,2
무심했어요,2
패밀리,2
콜백,2
재사용,2
가까워요,2
저가,2
평타,2
여니,2
스프링,2
간방,2
군데군데,2
보드,2
글구,2
안되는것,2
실외,2
밉니다,2
구심,2
연상,2
다다,2
종합,2
가난,2
요방,2
박하면서,2
건너,2
상관,2
만가,2
아까,2
정상,2
도작,2
데비,2
오래되고,2
못틈,2
시끄럽다고,2
수긍,2
비아,2
심하네요,2
명정,2
파리,2
써비,2
인부,2
손톱,2
멀미,2
가능할듯,2
로봇,2
무한,2
이튿날,2
테두리,2
나쁘다,2
친절했어요,2
심각,2
다른데,2
리셉션,2
유도,2
엘지,2
힘든,2
민원,2
도심,2
전통,2
그랬습니다,2
심하게나고,2
후회됩니다,2
같은걸,2
인하자마자,2
속도,2
좋은지,2
고담,2
갈래,2
생활,2
편리했습니다,2
태직,2
출입문,2
고양이,2
부과,2
기기,2
답답해서,2
무지,2
다비치,2
과바,2
일관,2
깊은,2
조그만,2
양치,2
하이라이트,2
스물,2
부근,2
족탕,2
구해,2
오래되,2
모터,2
타입,2
그득,2
상무역,2
없으면,2
좋겠는데,2
친절하셨고,2
고심,2
무언가,2
칼국수,2
귀찮음,2
마침,2
앞쪽,2
데모,2
따뜻하게,2
불편해서,2
고속도로,2
때앱,2
휴게소,2
일로,2
같더라구요,2
매너,2
대로,2
용하게,2
호스,2
적당했습니다,2
갈수,2
만족스러웠지만,2
똑바로,2
레버,2
세수,2
크리스마스,2
문해,2
꾸중,2
딸램,2
레전드,2
페스,2
생색,2
최적,2
일방,2
효과,2
미끄럼틀,2
미숙,2
서손,2
해방,2
경보,2
보문호,2
화재,2
시급해,2
편안해서,2
도문,2
페인트,2
주관,2
서해,2
원주고,2
친절합니다,2
구가,2
물음,2
방기,2
가야,2
기한,2
관계자,2
좋더라구요,2
환절기,2
용했네요,2
새까맣게,2
조명도,2
어보,2
방해,2
일본,2
좋지는,2
뭉치,2
아니더라도,2
안동,2
구이,2
많았는데,2
소가,2
가을,2
너무해요,2
워시,2
낭패,2
전산,2
하노,2
즐겁게,2
출발,2
변색,2
비위생적,2
볼거리,2
죄송,2
완전히,2
빨간,2
요먼,2
군데,2
처럼,2
아무런,2
어프,2
수질,2
편리합니다,2
피로,2
보증금,2
명시,2
직업,2
시온,2
고합,2
이난,2
오리,2
절로,2
뒷쪽,2
왕리,2
내직원,2
안심,2
토리,2
도미,2
야식,2
시비,2
안좋,2
단길,2
없더라고요,2
답답한,2
출근,2
때재,2
노을,2
같은거,2
예쁩니다,2
당시,2
망치,2
미흡,2
무심합니다,2
성도,2
미안하고,2
연식,2
트러블,2
오래되어,2
행주,2
어마어마하게,2
가위,2
밥솥,2
친절했습니다,2
창틀,2
흉가,2
에드,2
부족합니다,2
건조대,2
로리,2
붙이,2
안좋다,2
주가,2
헛소리,2
늦잠,2
셔틀버스,2
지저분했어요,2
마무리,2
걸레질,2
그럼에도,2
사방,2
프라이팬,2
같다며,2
민박,2
다르고,2
기독교,2
연히,2
기업,2
블룸,2
은피,2
이럴꺼면,2
엇음,2
친절해서,2
건너편,2
부로,2
건성,2
가깝습니다,2
압도,2
쉬러,2
이공사,2
출국,2
있더군요,2
전투,2
샷시,2
저렴하고,2
밸브,2
야경,2
헛걸음,2
영업,2
인하며,2
도의,2
어두워요,2
힘들다,2
고수,2
관광지,2
영종도,2
황당합니다,2
친절하셔서,2
어두웠습니다,2
인하는,2
필요할것,2
서귀포,2
알았,2
이럴줄,2
무안,2
면봉,2
저수지,2
뿌리,2
호출,2
최대한,2
삼겹살,2
은비,2
플러그,2
전라도,2
요새,2
어디가,2
스킨,2
치솔,2
무릅,2
허지만,2
팬티,2
많구요,2
린넨,2
많던데,2
친절하다는,2
금은,2
친절해여,2
직유,2
발해,2
더운,2
약해여,2
라운지,2
이집,2
비싸요,2
편하게잘,2
비취,2
통틀어,2
용할수,2
그대,2
시안,2
집합,2
다예,2
서침,2
고작,2
도중,2
도출,2
은근,2
양해,2
공짜,2
존댓말,2
예매,2
용할께요,2
불친절하네요,2
감정,2
시정,2
암막,2
차마,2
카운트,2
비위,2
기능,2
아파트,2
고딩,2
지나,2
어떨지,2
신음,2
위안,2
간다,2
나쁘지도,2
아프고,2
인전,2
대여,2
이싼,2
전이,2
저렴히,2
고비,2
인스턴트,2
아까웠어요,2
학교,2
아침식사,2
수전,2
좋긴,2
활용,2
날짜,2
보아,2
상담,2
생선,2
정원,2
낮게,2
지물,2
아니여서,2
불편했음,2
인조,2
손상,2
짚라인,2
어두웠고,2
상하,2
프리미어,2
아쉽게도,2
친절했지만,2
좋지못,2
다드,2
계절,2
번요,2
점주,2
위탁,2
엄청난,2
넓지만,2
단어,2
복층,2
안되는게,2
미세먼지,2
방문자,2
오래되었고,2
렌징,2
아쉽고,2
용할지는,2
안합,2
같은것도,2
갯수,2
아쉽다,2
휴가,2
없네,2
폭우,2
불쾌합니다,2
덥고,2
인프라,2
멋진,2
면방,2
밑단,2
외국,2
아쉽긴,2
무비,2
노캄,2
요트,2
천국,2
노래방,2
구도,2
국밥,2
이스,2
도약,2
윈룸,2
인제,2
워낙,2
행복한,2
용해야,2
로이,2
예쁘고,2
호명,2
어처구니없는,2
안된다는,2
대쪽,2
마당,2
열쇠,2
없었으나,2
위층,2
많으면,2
필요한것,2
괜찮았,2
지수,2
티슈,2
담요,2
여수,2
피곤하고,2
자도,2
더워요,2
사이드,2
금지,2
콘돔,2
류등,2
싱크,2
신경질,2
아쉬웠던,2
짧은,2
오래된거,2
용했지만,2
부탁드린다고,2
아닙니까,2
애정,2
쓰시,2
동이,2
리해,2
구분,2
대단히,2
코드,2
강제,2
없다고하,2
높낮이,2
텐트,2
숫자,2
거품,2
함성,2
무협,2
고정,2
후라이팬,2
조용하게,2
있으신,2
거짓말,2
립스틱,2
거름,2
동의,2
안되구,2
부족하여,2
동남아,2
근원,2
수인,2
설비,2
사무,2
집기,2
없으며,2
특이한,2
안녕하세요,2
니요,2
끔찍하네요,2
안된다며,2
가오,2
발렛파킹,2
뻔했어요,2
부족해서,2
티켓,2
가능합니다,2
작은거,2
없지,2
귀책사유,2
전파,2
시원한,2
미취,2
후예,2
측면,2
특정,2
불쾌했어요,2
꽁초,2
있으며,2
없었는데,2
심해서,2
스타벅스,2
고시원,2
피곤해서,2
형식,2
개념,2
부족한것,2
여의도,2
괜찮아서,2
안되어있음,2
내해,2
서기,2
수고,2
비싼데,2
주전,2
이오,2
저렴,2
더워,2
경악,2
놀래서,2
중이,2
냉수,2
깨끗하다,2
신설,2
도인,2
은사,2
심하게나서,2
누수,2
성격,2
열기,2
부유,2
의도,2
왜인,2
차이,2
유격,2
인한,2
사십분,2
어두웠어요,2
변인,2
중간층,2
같으나,2
워터파크,2
뜰채,2
뜨거워지더니,2
불편할듯,2
세시,2
어딘가,2
목재,2
미끄럽고,2
상처,2
가해,2
있는수건,2
하단,2
적당한,2
어려워,2
반려견,2
오래된건,2
효율,2
원하는,2
청결하지못,2
죄송했음,2
괜찮긴,2
은한,2
해운대역,2
더러웠음,2
전기레인지,2
식당가,2
용하여,2
모양,2
그런건,2
조용하고,2
빨래,2
미흡한듯,2
다름,2
와중,2
난건,2
함또,2
안되는지,2
야해요,2
난후,2
가프,2
건전지,2
휴일,2
간지,2
좁지만,2
신선한,2
동대구역,2
몸살,2
가득해서,2
안되냐고,2
청도,2
셋팅,2
사료,2
당연한거,2
야하는건,2
추합니다,2
메시지,2
후연,2
화장지,2
마넌,2
정해,2
청소기,2
사생활,2
룸침대룸,2
투고,2
칼날,2
며멍,2
의함,2
가문,2
똑같습니다,2
친절하다,2
선정,2
사람과,2
이또,2
기상,2
흡연실,2
상권,2
간시,2
이런데,2
없다고하고,2
좋았던건,2
칭찬,2
나방,2
좋아해서,2
환한,2
인적,2
빠르게,2
차라,2
심보,2
망하기는,2
무리,2
아닌것,2
편리하고,2
청결하고,2
만상,2
이중창,2
일수,2
위엔,2
절대로,2
또왜,2
을제,2
입지,2
부의,2
출입,2
잠한,2
고저,2
오니,2
킨텍스,2
전화해도,2
나은,2
추후,2
시원하지,2
가능한,2
주년,2
비염,2
비싸게주고,2
박만,2
동영상,2
각질,2
도도,2
듯이,2
방인,2
안되요,2
달러,2
약할,2
풍도,2
없었으면,2
사고,2
에놀,2
위약금,2
친절하지는,2
폭파,2
주기,2
볼수,2
발등,2
거림,2
주신,2
지프,2
시끄러워서,2
없는것,2
안되는거,2
제재,2
없으시고,2
편하였습니다,2
스러,2
생략,2
속지,2
작은방,2
신물,2
불친절하고요,2
두시,2
괄호,2
려면,2
야하지,2
작음,2
듯합,2
장판,2
이소리,2
다를까,2
로맨틱,2
일보,2
테스,2
맛있는,2
찝찝하게,2
어두워서,2
디폴트,2
아니나,2
청사,2
푹신해서,2
동하,2
비대,2
음성,2
톡톡,2
네이버,2
아웃,2
제천,2
며칠,2
연못,2
출구,2
가까,2
만족도,2
친절하셨으나,2
대략,2
괜찮았으나,2
후회되네요,2
오줌,2
진짜진짜,2
서온,2
액체,2
내야,2
귀찮은,2
게임기,2
협탁,2
안되니,2
질질,2
있는건,2
니트,2
침대보,2
시올,2
디다,2
부산여행,2
미소,2
그레이드,2
여친,2
보조,2
레스토랑,2
원룸,2
같기,2
공영,2
청소직원,2
같았다,2
요소,2
덩이,2
부족한,2
많은데,2
낮아서,2
까운,2
있길래,2
하이,2
강요,2
관리자,2
모처럼,2
괜찮다고,2
시기,2
지상,2
상이,2
화려하나,2
죄송하다,2
다정,2
주인,2
시간대,2
별일,2
바스,2
홈페이지,2
친절해요,2
모닝,2
실망하진,2
책임감,2
손해,2
가능해서,2
프린터,2
어렵게,2
장님,2
부부,2
선착순,2
불안,2
폐가,2
풍기,2
정전,2
다나,2
나쁘진,2
안좋네요,2
명절,2
가신,2
똑같은,2
이런게,2
어떨까,2
해달,2
서열,2
사시,2
시방,2
스키,2
상식,2
부페,2
저런,2
다이소,2
부재,2
스타일,2
괜찮으나,2
먹통,2
만자,2
서면,2
종이컵,2
댓글,2
실망한,2
메이드,2
드라이,2
시침,2
잔디밭,2
건문제,2
훈계,2
상관없다고,2
사소리,2
한옥호텔,2
이키,2
안되는듯,2
언급,2
용기,2
시오,2
제한,2
가분,2
수북하고,2
많을,2
꼼꼼하게,2
가능하지만,2
택시,2
고베,2
있나,2
조용한,2
패딩,2
특별히,2
이일이,2
로프,2
해먹,2
있었던,2
불쾌해서,2
현재,2
보라,2
포트,2
아줌마,2
아빠,2
불친절했고,2
대물,2
스키장,2
나기,2
통해,2
비닐,2
아이디,2
이주,2
먹기,2
정중히,2
예민하,2
지은,2
버그,2
직전,2
몹시,2
상세,2
아쉽,2
번화가,2
찜찜했고,2
빌어,2
엄청났습니다,2
코너,2
이애,2
무도,2
정장,2
고투,2
정체,2
부족하고,2
도자기,2
번했는데도,2
생식기,2
방만,2
돈더,2
원내,2
실했어요,2
거절,2
작년,2
종종,2
말로,2
김치,2
공포,2
평수,2
한눈,2
엇습,2
로얄스,2
실밥,2
아니어서,2
없으셨습니다,2
좋았을거,2
아닐,2
구식,2
인접,2
황당한,2
넥팅룸,2
활동,2
저리,2
나프,2
서서,2
간혹,2
착오,2
스티커,2
산책길,2
에어,2
더위,2
구조도,2
용하려하면,1
멋져요,1
깨끗하진,1
불편한데,1
있는건데,1
기대하는,1
싸가지,1
아찔합니다,1
스트립,1
만족함다만,1
축사,1
분뇨,1
비성,1
의거,1
그만하지못,1
통속,1
올인,1
사랑,1
열전도,1
출입구,1
화상,1
덮어서,1
비정상,1
뜨거워져서,1
룸바,1
있던인,1
용하신다,1
여시곤,1
찝찝했습니다,1
쥐꼬리,1
거지같아요,1
없는데말이죠,1
방뷰,1
요시,1
이내,1
가모,1
습한데,1
답답하더라구요,1
색상,1
기입,1
전출,1
통통,1
망신,1
시급히,1
중요한건,1
샴페인,1
한여름,1
임재,1
건체비,1
야하는게,1
별하나,1
번거로워요,1
있는데이거,1
젤로,1
일별공사,1
맨밑,1
안지,1
끔찍합니다,1
무더운데,1
이두,1
실의,1
추워도,1
실하시려는,1
면모,1
없느니만도,1
어수선함,1
비싸죠,1
극성,1
잡지,1
친절하시네,1
구등,1
초파리,1
시전,1
용액,1
더이용,1
양탄자,1
건조함,1
포비,1
안되었고,1
두기,1
가이드라인,1
가깝,1
야한다면서,1
래서,1
간사이,1
낡았고요,1
갈고,1
변호,1
부탁드렸더니,1
재활용,1
방침,1
들보,1
부띠,1
음달,1
요지,1
오라,1
없길래,1
충만,1
불량한,1
음욕,1
큰방,1
팟음방,1
길었어요,1
찜찜해,1
아닌건,1
야한다,1
없다하시고,1
로체,1
단연,1
새로운,1
득실,1
찍음,1
안내서,1
필요함,1
있나요,1
진상,1
다도,1
고천,1
너무하네요,1
분함,1
꼼꼼히하셔,1
미만,1
싫어지더군요,1
싫어,1
이열리,1
불편하지만이,1
죄송했다,1
니문,1
같은실내,1
서거,1
키자니,1
있고내용,1
중제,1
무더워요,1
정산,1
재체기,1
최초,1
그랬고요,1
깨끗했고,1
자쿠,1
없었을텐데,1
층프론,1
중구,1
햇음,1
겸비,1
쿵쾅,1
좋으네요,1
승해,1
도전,1
서얼,1
동구,1
차도,1
제자,1
시시,1
뽁뽁,1
건조하게,1
걸통안,1
완벽할수는,1
해설,1
많치만,1
대낮,1
발자국,1
기대하고오면,1
작일,1
용변볼때,1
있을줄은,1
고통스러운,1
아늑함을,1
더욱,1
안되겠다고,1
부실함,1
응답,1
입자,1
느려,1
불친절하고오래,1
셋팅해,1
기수,1
용해서잘,1
있는지인이,1
많거나,1
입니다아,1
많구,1
시원하겠지하고,1
아니였지만,1
무심하다는말,1
초봄,1
입퇴,1
없냐,1
지문,1
땐데,1
블로그,1
푹신하고,1
있었음,1
고타,1
작아,1
만무해,1
편했어요,1
외벽,1
야동,1
약하거든요,1
너무하더라구요,1
론티,1
취한,1
예식장,1
끌때,1
넓거나,1
부욱끄윽,1
벽뷰,1
좁아내,1
뭍던뭘,1
포장마차,1
높음,1
만족하자싶어,1
비즈,1
저장,1
친절하셨군요,1
집땜,1
지저분했,1
수십,1
이의,1
재정,1
족하,1
안된다더군요,1
간잡,1
지끈,1
그랬음,1
죄송하다하지만,1
거릴,1
약했어요,1
화기,1
같은거랑,1
대하,1
모바일,1
홀짝,1
묵음,1
여전히오리,1
전환,1
시보,1
닥그닥그닥그닥,1
이비,1
친절하시다는,1
인하려는데,1
수족,1
사업,1
조해,1
있고가게,1
친절한듯,1
오일,1
안좋게,1
다름없었지만,1
툴툴,1
좋아할,1
지로,1
놀이터,1
불보,1
헤진,1
장도연,1
박하기,1
스러워,1
낡았음,1
짜증스러운,1
도넛,1
만족하여,1
달라구,1
느리고요,1
장시,1
새탁,1
입니다하지,1
없겠는데,1
별다른,1
글씨,1
박동,1
더웠어요,1
이상기후,1
가짓수,1
어마,1
난감,1
환영,1
변화,1
구스털,1
부담,1
있는인,1
많을텐데,1
그러구,1
승식,1
야하고로,1
링크,1
기음,1
태종대,1
짬뽕,1
해산물,1
편리해요,1
이배,1
배민,1
싱싱하고,1
맛있습니다,1
편하지는,1
스포츠카,1
럭잠,1
용할게요,1
더웠고,1
도방,1
냉증,1
고무줄,1
비직,1
힘들었음,1
소독약,1
머그컵,1
사도,1
정온,1
내용물,1
좋았던거,1
설쳤네요,1
시려,1
안되더군요,1
유명한,1
노후하고,1
어때서,1
가시리,1
깨끗한줄,1
무심했다,1
그런데도,1
요란하게,1
갈매기,1
좋았으며,1
작아서,1
옴짐,1
아니란,1
실하자고,1
도벌,1
없다고하더라구요,1
가일층,1
쓰리,1
망한거,1
까맣게,1
짜증나게,1
이이해,1
세탁실,1
게멉,1
힘들다는,1
반액,1
운조,1
실안,1
없다니,1
이글,1
하나라,1
억울할것,1
필요하신거,1
얇은,1
박하는진,1
케이블,1
매너티,1
후끈,1
뜨거워,1
따뜻한건,1
냉방,1
드해요어,1
배웅,1
우측,1
원활하지,1
해물,1
이계,1
만숙,1
속새,1
만족스러워,1
느림,1
아프,1
시베리안허스키,1
없었으니,1
인간,1
채팅,1
같습니다프로모션,1
있는지요,1
쉬었,1
연결해서,1
안될시나는,1
스테플러,1
탁함,1
개발도상국,1
박아,1
스펜서,1
소도,1
전세계,1
중정,1
깔끔하지,1
가비,1
삼성,1
날인,1
안되는것마저도,1
요좀,1
사서,1
마눤,1
파도,1
필히,1
인일때,1
살애,1
판지,1
낡았네요,1
자가용,1
다대,1
등주,1
심하더라구요,1
깨끗했으면,1
가정,1
후진국,1
비갑,1
넉넉하진,1
보장,1
필요할듯,1
정당하게,1
많네요,1
편하다,1
공안,1
야하냐,1
핸드,1
개인정보,1
전화하고있,1
솝디,1
하든,1
고알았,1
주전자,1
후끈해요,1
취향,1
일도,1
운정,1
서부,1
길도있어서,1
해리,1
좀쉬,1
복판,1
고발,1
용이한,1
기안,1
있는줄,1
편한듯,1
실패,1
우리말,1
건장,1
비엔비,1
타박,1
업로드,1
만이천원,1
법원,1
줄방,1
뜨겁고,1
불편한듯이,1
싱물안,1
안된다네,1
두꺼울거,1
얇고,1
무심해서다,1
약하고하나,1
면지,1
직통,1
오신,1
마땅히,1
집중,1
찌뿌등,1
탈듯,1
아파,1
이발,1
아니지,1
격실,1
조그맣게,1
용하기에,1
의심스럽네요,1
재질,1
시짐,1
고삼,1
다임,1
온종일,1
조용한게,1
구부,1
쓰게,1
그러길래,1
왜돈더,1
물난리,1
강점,1
유흥,1
조용합니다,1
위정,1
쎄서,1
답답했습니다,1
깔끔하게리,1
사기,1
동동,1
안락함과는,1
조용해서,1
좋다치는데,1
이조,1
어쩐지,1
배변,1
맛있다,1
시끌벅적하고,1
무관심하시네요,1
이용설,1
국연,1
왜퇴실,1
케어,1
기면,1
이득,1
국내외,1
무선,1
나쁘네요,1
발목,1
과제,1
노즐,1
인했어도,1
빵꾸,1
청결하지가,1
청화,1
이엄,1
불가능하다,1
문구로,1
불편했던,1
없었구,1
스마트폰,1
번갈아,1
있었구요,1
클리닝,1
난치,1
도신,1
아공,1
괜찮았습니다만,1
무심하게,1
꼬랑내가,1
깨끗히,1
스임,1
모르겠고,1
곳누런,1
배란,1
광안리해수욕장,1
용하지못,1
무심하네요,1
멋있는데,1
구림,1
찝찝해사,1
같은이,1
나무껍질,1
없다고하시더라고요,1
약했음에도,1
좋앗어여,1
있서,1
모르겠음,1
편하게이,1
화장품,1
계시는지,1
는바,1
같은거하며,1
또돈,1
단방,1
작아도,1
쿰쿰하고,1
그러다,1
말라는게,1
시큼한,1
도벽,1
가능했음,1
합리,1
원하지,1
비음,1
싫어하고,1
회용,1
딱딱합니다,1
없다면,1
좋아다,1
멋있었습니다,1
리쪽,1
임현재,1
대형,1
약함거울,1
무의도,1
새똥,1
모션,1
단타,1
스마트,1
에스컬레이터,1
라싸,1
서고,1
아니다,1
어때를,1
오늘이,1
벌써,1
똑똑,1
난처했어요,1
일전,1
연동,1
에어비앤비,1
자동화,1
깨끗햇구,1
안된다지만,1
찌꺼기,1
신방,1
저렴하지,1
손절,1
빗자루,1
뒷정리,1
습기,1
여대,1
다사,1
일일,1
드라이브,1
심한데말이죠,1
없다는것도,1
햇구,1
없겠지만,1
불쾌했던,1
해줫,1
없길,1
켄트,1
헤맷,1
찝찝한,1
천하는,1
궁금하네요,1
놯으,1
번하니,1
어려움,1
소스,1
접수,1
대한민국,1
기주,1
안되어있었어요,1
에녹,1
없는한,1
유쾌한,1
전광판,1
치방값앱,1
야할까,1
큐알,1
헷갈려이,1
로만,1
가향,1
추웠습니다,1
친절하면서,1
당하고,1
도왜,1
전원,1
용하시길,1
젊고,1
서나,1
방옆,1
체크없습니다,1
맛있었음,1
비싸기,1
품질,1
물새,1
아니라네,1
인성,1
추웠음,1
마이크,1
의구,1
쌀쌀한데난,1
오프너,1
철저하게,1
있으면서,1
팔도,1
있고실내,1
모름,1
반쪽,1
다망,1
고역,1
칮절,1
번지,1
스러웠으나,1
는안,1
한시,1
발급,1
공터,1
불변,1
이위,1
호불호,1
천직,1
친절한지잘,1
괜찮아오난,1
자욱함,1
서진,1
명과,1
뿐입니다,1
고모,1
친절했음,1
가능할텐데,1
두리,1
입차,1
신행,1
괜찮고,1
속상했네요,1
아무런어,1
제탓,1
상업시설,1
꼬릿,1
실하고,1
실망했,1
있겠지만,1
차원,1
닥따닥,1
객수,1
안되는가,1
지지,1
말방,1
원도,1
불투명하게,1
쉬워서,1
박은하,1
고급스러운,1
데전좀,1
없고전,1
유일,1
같은것,1
연세,1
교쳬,1
수동,1
준비물,1
취하,1
입니다가,1
안되나,1
어이없는,1
실만,1
반스,1
없더라,1
고방,1
악한,1
생겻,1
방소,1
전매,1
독하셔,1
벼룩,1
있다는거,1
좋치만,1
데이트,1
요욕,1
에리,1
친절하네요,1
룸메,1
블로거,1
눈부셔서,1
간판,1
시네마,1
짜증남,1
구방,1
찬합,1
일박,1
온천순간,1
다른거,1
남원,1
조스,1
재고,1
구오,1
락준,1
밤잠,1
있긴하나,1
저그,1
좀바,1
확신,1
같은거는,1
저렴한것도,1
찝찝하기,1
축구장,1
싫었음,1
놀순,1
데벽,1
그럴수있다고,1
어질리,1
안타깝습니다,1
씁쓸하네요,1
토악질,1
추웠,1
시끄러웠으며,1
간지럽네요,1
하나로,1
도배,1
그랬으면,1
니미,1
테이,1
리사,1
사악,1
불친절하시더라고요,1
충주,1
러신,1
첩첩산중,1
궁금한지,1
달달,1
서언,1
인하기전부터,1
인보이스,1
안되구요,1
부공,1
단돈,1
다행히도,1
가산,1
절감,1
층방,1
하란,1
좀떼,1
꼭꼭,1
청결해서,1
때수건,1
굽굽,1
마다,1
물병,1
엄청난줄,1
이상했습니다,1
기대하면서,1
멀끔하다,1
죄송하지만,1
만족하나,1
완젼,1
폭망,1
착하지,1
지시,1
날또,1
코먼,1
영아,1
고글,1
어유,1
벽틀,1
아니다싶어,1
겅뷰,1
앞잔,1
칼칼해지는,1
은행,1
게목,1
홍천,1
마자,1
미어,1
개학,1
낡았는데,1
만족스러울거,1
요정,1
노맛,1
눅눅하고,1
천합니다,1
같고요,1
기대히면,1
깨끗한건,1
이처,1
난국,1
애매해서,1
은의자,1
가능해,1
프로젝트,1
구한,1
천안,1
이해해,1
다미,1
어려운것은,1
근방,1
나빴던건,1
되는,1
새까매졌어요,1
시커멓게,1
일몰,1
인피니티,1
넓긴,1
해충,1
돈벌레,1
힘드네요,1
간지럽고,1
심하긴,1
인스타,1
나발,1
발가락,1
무거,1
피곤하고지치게,1
좋아야,1
이상하다고거실에,1
무작정,1
건조해서,1
에티켓,1
무용지물,1
화로,1
구문,1
아니냐고,1
기대하고긴,1
따뜻해지고,1
만족했어요,1
길게있던데,1
층뷰,1
각층,1
물기,1
시기하네요,1
좀거,1
저렴하네요,1
칼칼해졌어요,1
방한,1
좁았고,1
이쾅,1
싸했어요,1
워층,1
많더라고요,1
길게하던,1
아깝단,1
친절했구나,1
있는가,1
선할,1
한탄,1
고여,1
이하이,1
심야,1
옥뷰,1
담날,1
민망하고,1
경사,1
경상도,1
대중,1
미안하다는말도,1
껍데기,1
임전,1
프런트로,1
한비,1
시끄러워담,1
만지작거리다가,1
카테고리,1
있었으면서도,1
반개,1
이반,1
테이프,1
생애,1
농도,1
막심,1
상술,1
수안보,1
시냇물소리,1
나봄,1
감탄,1
의심스러운,1
별표,1
가무,1
조심,1
대세,1
온천장,1
미실,1
정리정돈,1
서금,1
궁금하시다면,1
해하,1
물걸레,1
프라이버시,1
누굴위,1
앞통,1
치한,1
요술,1
벽간,1
아니니까,1
기숙,1
넓기,1
지독하게,1
제코,1
청결하겠구나,1
안됬었습니다,1
박했을,1
가추,1
아쉽더라구요,1
자수,1
길거리,1
미안하던지,1
차갑고,1
착했는데,1
남해,1
없다고하시지,1
요애,1
용하는것인지,1
어질어질했습니다,1
용했었는데,1
블럭,1
약했음,1
낡음,1
나빴으며,1
토치,1
저렴하여,1
야하고요,1
비싸네요,1
키라,1
전화하고안되,1
이다해,1
깨끗,1
안옴,1
아깝다,1
난함하지만,1
깨끗하,1
부적절해,1
설립,1
유일하게,1
친절하셨습니다,1
이입,1
등기,1
북적,1
천막,1
끊임없이,1
토일,1
파우더,1
시끄러웠습니다,1
책자,1
복잡하니,1
미흡합니다,1
이뻤습니다만,1
결코,1
입니다하지만,1
배경,1
뒷산,1
실해있는야,1
결혼식장,1
혼잡할수있으나,1
시끄러웠어,1
교회,1
성경,1
수입,1
크리스찬,1
독실한,1
불량하고,1
야하는지,1
왜알,1
세탁물,1
소음정,1
인지상정,1
장열,1
정의,1
새로운가,1
좀있어야지,1
교도소,1
괜찮을듯,1
불쾌하네요,1
불가하다,1
무마,1
지저분하더라구요,1
백악관,1
미국,1
자리가있어,1
불하,1
좋아하셨네,1
소의,1
좋아합니다,1
힐링,1
고풍,1
원하는게,1
세련된,1
모던,1
조건,1
유럽,1
방석,1
출출해서,1
따뜻해지더라구요,1
요거트,1
조선족,1
자만,1
호톌,1
똑같아서,1
방역,1
을안,1
명누울,1
역정,1
려제,1
작더라구요,1
높게,1
귀찮게,1
찜찜해서,1
가혹,1
젓가락,1
역사,1
레트로,1
신혼여행,1
수록,1
절도,1
계신다,1
개방,1
충분해,1
요나,1
루아,1
좋겠어용,1
그랬지만,1
아쿠아,1
기차,1
만족했습니다,1
방위,1
헷갈렸고,1
불쾌했으며,1
낡았습니다,1
불쾌했음,1
사케,1
카트,1
인했었다,1
방은정,1
이런엔,1
안타까워,1
바쁜건,1
월풀,1
이월,1
더러웠다면,1
깨끗했다는게,1
의욕,1
반전,1
스러워서,1
가우,1
많은것,1
주름,1
무안하더라구요,1
친절하셨던건,1
오래되다,1
재채기,1
에지,1
차이점,1
무기,1
무적,1
보완,1
실하긴,1
구석방,1
직급,1
제이원,1
튜브,1
세이,1
있다가운이있다,1
취식,1
꼭틀때,1
가능하나,1
불가능한건,1
거림옆,1
현관문,1
안좋다고,1
되어있습니다,1
방청,1
소비,1
기름기,1
도오,1
안되네요아기,1
뷰값,1
갑질,1
많고나이가있으신,1
기대한,1
조항,1
악독,1
들뜨고,1
놀이,1
바가지,1
틀림,1
지저분합니다,1
어수선하네요,1
뜨거우니,1
가습기,1
후방,1
에버튼,1
눌려,1
더럽구요,1
좀나고,1
아니잖아요,1
없다는게,1
그럼다운,1
더비,1
동일한,1
거립,1
투명해서,1
텐드,1
지어스,1
스텐드,1
제방,1
리솜,1
포레스트,1
자릿수,1
소중함을,1
온양온천역,1
아니에요,1
결부,1
건조하니까,1
거멓,1
싫어하는데,1
쎄요,1
이빨,1
이구분,1
방문객,1
있으니깐,1
아니었던,1
다누리,1
양옆,1
메인,1
세대,1
불편했지만,1
자가,1
이자연,1
청결하지못해,1
구호,1
귀마개,1
야한다면,1
괜찮다하는,1
후약,1
가득한,1
낡은거,1
여전하고요,1
제해,1
수라,1
너무하지만,1
후바,1
쩌렁한데동트,1
오심,1
금도,1
의원,1
심각한건,1
괜찮앗아요,1
어때이,1
오래되었,1
대방,1
시림,1
체인점,1
빵빵,1
얇아요,1
끗힌,1
옷불,1
나은정,1
빈대,1
향합,1
자지,1
음침한,1
진배,1
름해,1
책정,1
컨디셔닝,1
정수,1
냉골차,1
뭐방,1
소동,1
줄알았,1
불편하다고,1
변해,1
몇달,1
신뢰,1
이렇다,1
있었음에도,1
깔끔하지못한,1
따뜻했는데,1
대피,1
시커멈,1
없다네요,1
프라이,1
말자하,1
이담,1
침상,1
둘이서,1
객은,1
좁은,1
보로,1
높은거라,1
낡았지만,1
강하신,1
귀어,1
병뚜껑,1
방키,1
원인,1
고되,1
작성자,1
은혹,1
불친절하셨어요,1
더럽고요,1
집똘,1
참치,1
상가,1
간만,1
차갑고가,1
아름다운,1
마시멜로,1
많더군요,1
은강,1
친절했고,1
소독기,1
숯불,1
젖병,1
우유,1
무뚝뚝하게,1
맴버,1
주거,1
아침밥,1
딱할말하고,1
없는걸,1
이유식,1
게임,1
전화해야하는데,1
동물,1
계좌,1
들판,1
이체,1
점차,1
눅눅함,1
있다며,1
정확한,1
착해서는,1
나뭇잎,1
쓰려,1
적지,1
아닌서,1
충주호,1
안고,1
인스타그램,1
부족하게,1
디테,1
그럴듯해,1
보수,1
아가,1
된장,1
왠만해,1
상실,1
식욕,1
낡은전기,1
낡디,1
불면,1
년도,1
적합했으며,1
중역,1
없었다는데,1
괜찮을것,1
때썪,1
불쾌했다,1
벽장,1
연구,1
안되었어요,1
도크,1
끈적끈적한,1
냉골,1
우울,1
청년,1
인생,1
슬프네요,1
용할수있어서,1
장안,1
운영자,1
만류,1
원치않고,1
을씨년스럽고,1
시급합니다,1
귀곡산장,1
숲속,1
미쳤다,1
낮아,1
공포영화,1
기절,1
분노,1
불쾌함이,1
많으신,1
반찬,1
실용,1
확실한거,1
지겨워서,1
영종,1
같았어요,1
통옆,1
부실하고,1
안쓰러워,1
입니다요,1
고환,1
이일,1
더기,1
곧은,1
계실까봐,1
켴캬,1
쿄쿜,1
출처,1
발꼬,1
약한데,1
은은한,1
엄청나게나더라구요,1
서식,1
줄눈,1
불쾌함을,1
치기,1
이함,1
서정,1
이물,1
굳어서,1
육안,1
이태리타올,1
한소리,1
많은데다,1
비슷한이,1
신어,1
오오,1
도추븜,1
낳을,1
짜증났습니다,1
임팩트,1
흉물,1
정호,1
쓸데없는,1
안되어있더라고요,1
고차,1
소개팅,1
불필요한말,1
최대로,1
말았습,1
불쾌해아,1
표면,1
심하신가요,1
잠버릇,1
배우자,1
차트,1
강함,1
없는데도,1
불가하고,1
그러던데,1
레절레,1
던듯,1
기해,1
썻구,1
스타킹,1
월미도,1
약하는,1
따갑네요,1
협소,1
객일,1
아프네요,1
소프트,1
편안했고요,1
길가,1
착하였는데,1
꼼찍,1
표지,1
불쾌해,1
같다라는,1
만만,1
친절하셨고요,1
강뷰,1
상단,1
오른쪽,1
지체,1
떡볶이,1
네트워크,1
공단,1
많은데요,1
선호,1
박한,1
국민연금,1
불가하구요,1
따뜻했어요,1
용했는,1
굴것,1
장의,1
이랬던,1
주황,1
친절하다까진,1
같으니,1
좁을,1
해피아워,1
재밌었고요,1
저렴하다는,1
많았기에,1
다행히다시,1
친절하게는못,1
달랐네요,1
아쉽다고,1
원했던거에요,1
멀쩡한수건,1
없는데요,1
폭죽,1
운날,1
마리나,1
혐오,1
실수입,1
저번,1
찬장,1
부엌,1
남자친구,1
비싸긴하지만,1
발페파킹,1
영문,1
갑작스럽게,1
국가,1
진작,1
실망해서,1
담차가,1
추운,1
있다는게,1
우리나라,1
조그마한,1
더럽던데,1
속상한,1
계정,1
가능해요,1
같진유탑,1
용할거,1
섬뜩하긴,1
격렬한,1
이심,1
헷갈리게,1
홈플러스,1
실할,1
전용,1
과물,1
박하면수건,1
인과동시,1
초인종,1
후드,1
러프,1
트윈배드룸,1
포인트,1
깨끗해요,1
신입,1
야근,1
처신,1
룸업,1
담소,1
비지,1
박하는,1
미흡함,1
푹신하니,1
괜찮았음,1
안될,1
는재,1
미관,1
충족,1
족도,1
중학생,1
한산하니이,1
약했건만,1
고약해서,1
없었다고,1
속리산,1
에피,1
다말,1
메일,1
증거,1
발뺌,1
안준,1
내면,1
인권,1
아닌거냐,1
의전,1
홀로,1
정전기,1
아쉬웠구요,1
도면,1
법주사,1
손때,1
실하고가기,1
컨셉,1
더러웠습니다,1
괜찮은가,1
없었다,1
구경만,1
압박,1
느긋하게가아니,1
위옆,1
낮고,1
환승,1
고픈,1
특성,1
설쳤습니다,1
화하는,1
아늑했습니다만,1
데좀,1
게인,1
노파,1
갑인,1
에러,1
성능,1
싫고,1
튀김,1
왕새우,1
야함을,1
찝찝하면,1
같던데우리,1
있던거,1
소한,1
충청,1
사이사이,1
알차게,1
있지도,1
멋져서,1
석양,1
질때풀,1
약합니다,1
있다더니,1
소요,1
아니라고,1
청주,1
불편함을,1
나가야,1
없으셨는지,1
가죽,1
스플래시,1
풀렀습니다,1
있는데다,1
비슷한게,1
용하시는듯,1
인하고안내,1
용하겠습니다,1
편하고,1
깔끔하였고,1
부디,1
제격,1
행전,1
탈때,1
제법,1
재미있게,1
친절함은,1
분안,1
씁쓸한기,1
지기,1
기대한만큼은,1
죄송한,1
오해,1
괜찮은걸,1
딱딱해서와,1
밥위,1
불고기,1
입맛,1
치킨너겟,1
햄버거,1
번시,1
요원한,1
고자,1
항공사,1
상관없지만,1
불가능합니다,1
짜르,1
앨리스,1
아닌데잘,1
귀찮다든,1
횡성,1
수설,1
셧음,1
이럴,1
편리하구요,1
같앗어요,1
불친절하시네요,1
체인,1
강정,1
실상,1
번지르르하게,1
아닌가싶습니다,1
고사전,1
없었구여,1
마중,1
감정노동자,1
셔틀,1
입니다해,1
강행,1
설득,1
변명,1
꼼수,1
용동,1
교묘히,1
마케팅,1
기재,1
크리,1
이자,1
변상,1
권리,1
존중,1
과장하나도,1
크루즈,1
별관,1
심각한,1
짜증났는데,1
같더군요,1
액정,1
중고,1
피시방,1
뿌둥,1
날똥,1
그을려진,1
낡구,1
나빴었네요,1
스피커,1
게말,1
악했습니다,1
서경,1
번의,1
다르긴,1
똑같,1
에이미,1
차림,1
허무하게,1
세면기,1
루고,1
인식,1
발신,1
원부,1
가능함,1
없었어두,1
안남아있어서,1
친절하나다음,1
부킹,1
가젤,1
통행,1
해가드,1
같네요스위트룸,1
장식,1
있구,1
선도,1
답답함이,1
무심하고,1
마음가짐,1
좁다는,1
더랬,1
게쉬,1
후편,1
극기훈련,1
위속,1
같지가,1
낮은거,1
피고,1
차안,1
편하게자,1
박해,1
마크,1
리더,1
강하게,1
촛불,1
쾌적한,1
아니었어요,1
세부,1
더워도,1
컴컴함,1
은색,1
헷갈림,1
더주고라도,1
좁아,1
좁아도,1
있지만이,1
뿐이었습니다,1
파서,1
리아,1
없던데다,1
제뒤,1
없다며,1
아닌지,1
익숙하기,1
만족스럽지만,1
보더,1
은숙,1
안되는거줘서,1
밤늦은,1
드물긴,1
도거리,1
좀하셔,1
기대한만큼,1
소일,1
괜찮,1
저렴하게이,1
바빴네요,1
어마어마한,1
공룡,1
편안했지만,1
비눗물,1
꼭지,1
한적하니,1
그을린,1
불량했고,1
없었구요,1
깨끗하여,1
부실,1
실례,1
모친,1
미끼,1
나머진,1
저렴함을,1
탕물,1
렌덤,1
조용하게잘,1
없어밖에,1
없을줄이야,1
예민하지,1
기계화,1
적절한,1
음경,1
곤란하진,1
괜한트,1
하수도,1
탁트인,1
많은지,1
좋을텐데,1
므로맟저눟,1
시내,1
여름철,1
듯함방,1
페셔,1
건의,1
만족스러워습니다,1
상당,1
뷰늘,1
코끝,1
본관,1
자극,1
예쁜,1
전라북도,1
만족하며,1
부족할,1
금강하구둑,1
깨끗하며,1
아쉬,1
테레비,1
설상가상,1
지란,1
무심하게나서,1
도끼,1
소입,1
아늑하고,1
먼다시,1
친정,1
이탈리안,1
빵맛,1
커리,1
후베이,1
애용,1
비싸지만,1
꼬박,1
언짢았어요,1
계신가요,1
발행,1
유통,1
쿠키,1
없고안내조차,1
명확한,1
썰렁해,1
다를께,1
레이크,1
필요하다고하고,1
뭐위,1
등급,1
미쳤나,1
따뜻하고수,1
인기척,1
브라자,1
전화한다,1
어려운,1
아니기에,1
철저히,1
그런게,1
청결했으나,1
부위,1
원탁,1
면담,1
친절한데,1
인상,1
고햇,1
바보,1
주부,1
고인,1
차가워서,1
불친절하며,1
엇다,1
단순,1
도발,1
콜센터,1
분문,1
있을수도,1
그럴수있지하고,1
베이,1
히든,1
따뜻하지,1
건조기,1
시원하지가,1
메이,1
지락,1
더잘,1
야자,1
벨소리,1
이로운,1
윗방,1
칠하는것,1
명성,1
안되지만,1
더운데,1
푸른,1
예술,1
질때,1
넓지는,1
서프라이즈,1
왜말,1
김밥,1
국동,1
야했어요,1
어탕,1
당통,1
자매,1
수육,1
돼지,1
더할,1
없겠죠,1
벙하기,1
게끝,1
비롯,1
시꺼매지더라고요,1
알수,1
없었더라면,1
커피숍,1
경비실,1
불편할,1
서하면,1
없다는거,1
항공,1
나절,1
편한데,1
거칠거칠하고,1
만족스럽진,1
환하니까,1
깨끗하긴,1
찝찝해서수건,1
개떡같음,1
좀았지만,1
너무했어요,1
통창,1
오입,1
특실,1
팔마,1
체육,1
친절함마저,1
엄동설한,1
없으시고이,1
세운,1
공급,1
입니다다,1
한적합니다,1
멀어요,1
여수시,1
있는걸,1
서클,1
쎄더라구요,1
관등,1
이목,1
불쾌합니,1
트읜,1
도적,1
없는이,1
때복층,1
많으니,1
지원,1
인할려고,1
빨간색,1
썰렁했다,1
깔개,1
넉넉했어요,1
형태,1
뻔하져두,1
넉넉하게있었고,1
있어잘,1
다변,1
좋았다는,1
순천,1
빗면,1
같습니다만,1
망꼭,1
망아,1
망녹,1
고흥,1
좋자는,1
요법,1
안되다시피,1
들러리,1
잔치,1
허수,1
상의,1
추첨,1
이상했다,1
경품,1
안되는것을,1
깔끔합니다,1
라바다,1
그렇습니다,1
진도,1
깨끗해,1
리저,1
저렴했어요,1
없고가운도,1
시끄럽네요,1
괜찮앗어요,1
데일,1
왜냐면,1
서머,1
깡통,1
지에스,1
청초,1
사오,1
필요하,1
불편했구요,1
탁할라,1
위노,1
황당해서,1
버젯,1
맥도날드,1
무덥고,1
가화,1
데바,1
시알,1
문턱,1
마치니,1
호욕,1
난사람,1
필요하네요,1
좋앗어요,1
만남,1
의업,1
훌쩍,1
엇갓,1
엇어,1
층애,1
뿐더,1
레몬,1
도록,1
쾌적합니다,1
부탁드렸지만,1
는해당레지던스,1
빙빙,1
있는지안내,1
매표소,1
엄청나오더라구요,1
오래되었어도,1
부탁드렸,1
배려,1
세심,1
잠자리,1
편안하고,1
고식,1
공원,1
당했습니다,1
음날,1
뷰맛,1
안되있고,1
칩함,1
청결하진,1
니거,1
친절하셨는데,1
옥상,1
더럽게만,1
아래쪽,1
참앞,1
유의,1
대수롭지,1
피곤했을,1
무뚝뚝해서,1
던스,1
이레,1
화했고,1
미흡하고,1
시끄럽던지,1
작은거하나,1
부족해요,1
멋졌음,1
아쉬웠음,1
유저,1
없고거울도,1
받침,1
오래되어있는,1
넓진,1
거부,1
실사,1
중도,1
오래되었다고,1
짐풀,1
해주,1
쭉등,1
깔끔했지만,1
살딸,1
껄렁한,1
건조하,1
소함길,1
곳돈,1
무신경,1
아무나,1
귀찮다는,1
문신,1
가득했습니다,1
명색,1
놀랬어요,1
청결했던것,1
저렴하게잘,1
단계,1
뒤척일때,1
어케,1
생기지,1
유출,1
논의,1
까칠하진,1
행온,1
같긴한데,1
쩌구,1
반창고,1
깜깜무소식,1
이벽,1
분실,1
아찔하네요,1
뻔했나,1
만세,1
그러합니다,1
라이브청결,1
번식,1
어눌한,1
국말이,1
서툴어,1
덩달아,1
아이스크림,1
후애,1
체력,1
소모,1
아버님,1
건데낯,1
뜨거워졌습니다,1
관리제,1
없을거,1
무심하게나요,1
놀랬아요,1
엄청나네여,1
무좀,1
공지천,1
더웠었는데,1
일지,1
설침,1
시체,1
이선명,1
번천,1
불가능하니,1
폐쇄,1
있을까요,1
곤욕,1
없어사,1
켜줌,1
의하여도,1
햇빛,1
의심스러울,1
아닌가싶은데,1
새방,1
가득합니다,1
선명합니다,1
해수탕,1
무섭다는,1
깨끗했습니다,1
임걱정,1
이보,1
토퍼,1
쾌적하지,1
점등,1
사소한,1
힌지,1
다양해서,1
확실합니다,1
압축,1
도장,1
여지,1
나사,1
약하던안하던,1
난잡하고,1
박하려는데,1
데인,1
불쾌,1
꿈치,1
조용해,1
레용,1
시절,1
뎅돈,1
윗집,1
찝찝함,1
진지,1
잔소리,1
약하신데,1
쌀쌀한데,1
기대하시지말고,1
객및,1
성한지,1
아플지,1
불편할까봐,1
비발디,1
오크,1
아니여도,1
안좋습니다,1
청결하지가못,1
장소,1
편해,1
온곳,1
조화,1
화분,1
하진,1
층물,1
놀랬습니다,1
피자,1
페이지,1
차지,1
게이,1
비품,1
홈쇼핑,1
귀한,1
유난스럽다고,1
싼값,1
거도,1
인분,1
방물,1
투유,1
가라지,1
수령,1
이장,1
천곡동,1
당부,1
여주시,1
고성,1
휘닉스,1
동선,1
소비자,1
뚱땅,1
좋아했는데,1
진입,1
뷰사,1
어스,1
프리,1
류지원,1
평창,1
무뚝뚝한거,1
버가누렇,1
기대하지말고오세요,1
건달,1
오렌지,1
이제일,1
소중하고,1
같은말을,1
불쾌하다는,1
나빴습니다,1
더했지,1
더하면,1
데제,1
위주,1
중요시,1
심각해서,1
무심한거,1
제아,1
데너,1
중요하다고,1
근대,1
아쉽다는,1
친절함을,1
길고,1
없었,1
고사,1
진정한,1
경영,1
명줄,1
생면,1
손절각,1
해안,1
솔밭,1
좋앗습니다,1
해기,1
좋앗던,1
불평,1
듯말,1
미안해서다,1
시저,1
계산,1
고목,1
정겨운,1
운전자,1
궁금하고,1
전정,1
강력하게,1
불가피한,1
강력히,1
공부,1
중국어,1
웬만하면이,1
후보,1
다이로,1
라합,1
안되니나,1
통제,1
엄청납니다,1
같은데이로,1
완벽했거든요,1
배제,1
지배,1
거임,1
불친절했구요,1
닭장,1
이단하,1
소린,1
제주시,1
애월,1
뜨거워서,1
소중한,1
방은진,1
브리,1
쪈내가,1
문쾅,1
심하세요,1
과묵,1
관광버스,1
가건물,1
진때,1
같지도,1
대거,1
하필,1
지라,1
언스,1
밀리,1
피어,1
빵구,1
남고,1
약하게,1
채용,1
소양,1
아니죠,1
바라지,1
착한듯,1
시끄러웠네요,1
남중,1
질서,1
내약,1
적당합니다,1
편할려고,1
있냐,1
킬수,1
벌겋게,1
설쳐다음,1
비린,1
쩌렁쩌렁,1
맛있길,1
맛있었으면,1
초식,1
육개장,1
돈까스,1
괜찮나요,1
뭐좀,1
의했는데,1
깨끗하나,1
슈퍼,1
중소,1
후거,1
통영,1
함발,1
체험,1
스벅,1
친절하,1
데스,1
재밌음,1
부족했습니다,1
재료,1
유명하니,1
키친,1
프트,1
거제,1
의침,1
로샨,1
가쉽,1
미니,1
존재,1
미러링,1
탑사,1
탑승,1
함바,1
할부,1
얇아,1
박하면,1
이나,1
구대,1
제소,1
통증,1
같아다음,1
도룸,1
아쉬워,1
상관없을듯,1
뷔폐쪽,1
가까운거,1
래시,1
친절한게,1
극악,1
안되있는가,1
불편하였고,1
인색하기가,1
매장,1
박이상,1
안되있는듯,1
편리한,1
레시,1
몸누,1
없군요,1
층노뷰,1
답답했구요,1
유스호스텔,1
올레,1
팔이,1
연인,1
물쌀,1
지연,1
지독해서,1
놀수,1
할리우드,1
그렇네요가격,1
어이없어요,1
섭취,1
관해,1
조리,1
포장,1
있던데전혀,1
무례한,1
담당,1
짜증나요,1
문제해결,1
인해안내,1
배관,1
앞집,1
있다는걸,1
힘들게,1
놀람,1
박묵,1
젠장,1
추웠고,1
검수,1
요피,1
안빨,1
도피,1
쉬운게,1
정확히말하면,1
마심,1
용이함,1
건강,1
저렴해도,1
깨끗했는데,1
멀어서,1
부족했음,1
추웠니다,1
친절하며,1
랑방,1
자바,1
인하자마,1
고토,1
서역,1
동해,1
밤꽃,1
안달,1
많이하,1
메리트,1
중요하지만,1
한라산,1
닙니,1
나쁜것은,1
천체,1
인간미,1
이우선,1
구인,1
불편하답니다,1
통풍,1
만족할거고,1
중요하게,1
핵뱔,1
만족할것,1
과거,1
등반,1
소개,1
바닥재,1
온실,1
방은별,1
아닐까,1
트리스,1
불쾌했네요,1
때키,1
입력,1
아무런말도,1
좀퀘퀘,1
계셔서,1
불로,1
가열,1
채소,1
방울토마토,1
불때,1
아닌데요,1
필요해요,1
추기,1
이중,1
아함,1
귀찮,1
솔직한,1
똑같으면,1
똑같은데,1
인하면서,1
불편해도,1
좋고다만,1
있구요,1
쾌적했습니다,1
깔끔했으며,1
괜찮았구요,1
취침,1
에두,1
처우,1
볼것,1
세븐일레븐,1
거가,1
반납,1
그런듯,1
오래된것,1
편리함,1
급하게이,1
아쿠아플라넷,1
좀하세요,1
섭지코지,1
성산일출봉,1
우도,1
고별,1
질함,1
이갑,1
절하,1
성해,1
불친절하기까지,1
가슴,1
있을텐데도,1
도비,1
신한,1
밝기,1
카바,1
어덜트,1
지장,1
친절하신,1
안되있다,1
인하려다가,1
끝내주게,1
통조림,1
준것,1
당연히치워,1
물곰팡이,1
드림,1
한적하게이,1
좋았다고,1
탑동,1
광장,1
은시계,1
시계,1
가득하고,1
뻣뻣했어요,1
심지,1
어머,1
릿결,1
뻣뻣해져요,1
이프,1
론트앞,1
은인,1
차후,1
초보,1
초콜릿,1
없는거아니냐고,1
없네여,1
던방,1
안된다고하니까,1
괜찮을줄,1
동대문시장,1
있구나싶었어요,1
한국인,1
그런거나,1
임택,1
임짐,1
찝찝했어요,1
둿던,1
좀달랫,1
몇시,1
미역국,1
유명하고,1
번리,1
고누,1
있는것도,1
있어야하는데,1
그럴수있는데,1
일별,1
레벨,1
안좋기,1
폴폴,1
호구,1
리버사이드,1
가능하다면,1
발렛,1
선발,1
안되고안,1
쩐내가,1
문보,1
그러,1
설쳐서,1
듯함,1
나빠서,1
상냥했으나,1
아플,1
태음,1
바란,1
로손,1
피곤하여,1
싫다,1
불쾌했으나,1
있었나,1
쾌적하진,1
덜했지만,1
직후,1
답답했을것,1
눈빛,1
호텔리어,1
이럴까,1
안되어있기,1
이상하네요,1
지저분한이,1
만족해서다음,1
이상했어요,1
당연하게말,1
당당하고,1
개중,1
멋지고,1
착했습니다,1
부족했어요,1
특별하고,1
랍스터,1
북경오리,1
꿀잠,1
무던한,1
다른가싶네요,1
박잠,1
무등등,1
고양,1
그런다는,1
객인도찬,1
전하,1
방내,1
인지도,1
단자,1
퓨컨디셔,1
넓었음,1
로그인,1
넉넉하고,1
실칸,1
편했습니다,1
있어서요,1
두꺼우,1
비니,1
없고다시이,1
힘들거,1
설쳤음,1
동탄,1
같은거라,1
동맹,1
쾌적함,1
같았는데,1
스랑,1
실패했네요,1
고영,1
이디야,1
보유,1
간지러워하고,1
빨개지고,1
무안하게,1
등식,1
수저,1
장치,1
명도,1
있어다,1
위험,1
아이손,1
칼심,1
수북히,1
아무런안내도,1
입니다오,1
여요,1
씨티,1
아르누보,1
역삼,1
무가,1
은행업,1
역삼동,1
래그,1
지온,1
벌벌,1
나하,1
전화하여,1
싫은,1
교통혼잡,1
더러워도,1
당진,1
기번,1
용하면안되,1
깊히,1
코엑스몰,1
락커,1
무겁게,1
브릭,1
낡았어요,1
중상,1
인평,1
미끄러,1
제로,1
도종이,1
용해서,1
대로사,1
타겟,1
아닌데이,1
요배,1
없나요,1
하그,1
남왜,1
뚝딱,1
뻘쭘,1
시끄럽다는,1
어요,1
주로,1
부족하지,1
마포,1
그럴수있지하는데,1
전해,1
에어콘,1
무섭고,1
일층,1
어려웠습니다,1
아니면서,1
불편했으나,1
작구,1
샴프,1
없더라구요,1
있던데안,1
특이하게되,1
베가,1
안되고엘,1
이런것,1
페어필드,1
힘들었어,1
넓은데,1
계열,1
착했고,1
인하러,1
헐리우드,1
삼면,1
딱딱하네요,1
유쾌하진,1
듯글,1
놉놉,1
인안,1
이듬,1
도몇,1
신기했음,1
시끄럽다,1
국회의사당,1
부탁드렸는데도,1
로사,1
용하시는,1
앞방,1
분주한,1
야했고,1
더줄수있다길래,1
더주십,1
다마,1
이랬다,1
저랬다,1
규칙,1
싫으,1
면안,1
친절했던,1
그루,1
렵니다놉놉놎,1
찜질,1
로더,1
힘들어요,1
인할시,1
기선,1
인약,1
프리미엄,1
녀왓습,1
편하지,1
취급,1
안좋았습니다,1
까다롭고,1
무크,1
특징,1
아늑해서,1
특이하면서,1
좋겟어요,1
청결하며,1
차하,1
친절한거,1
어렵고,1
달림,1
민감한,1
추움,1
답답함,1
느려서,1
넓지,1
진철,1
코딱지,1
같으면서도,1
여행지,1
지하철역,1
인할수,1
은부,1
침잠,1
투과,1
완벽할것,1
좋아한다면,1
완벽하지는,1
롸표,1
십만원,1
뜰때,1
더럽게,1
어이없었음,1
좋구요,1
증정,1
메가박스,1
성결,1
특별한,1
번거로운,1
전화하기도,1
넉넉하게,1
더주겠다고,1
장만,1
안팎,1
있으니까,1
시구,1
아깝다는,1
전국구,1
다모,1
그러지,1
청결합니다,1
노후한,1
서대문역,1
우수합니다,1
서출,1
아늑하게,1
특이하다는,1
아마다,1
이색,1
좋겠고,1
불편하고내,1
그런진,1
열악합니다,1
용하실,1
무정,1
헨젤과그레텔,1
고만하시고,1
아까랑,1
있는데에,1
밀고,1
안되겠어요,1
연말,1
프로그램,1
제트,1
엔올,1
유치원,1
길다,1
잔디,1
답답하고,1
많더라구요,1
맛있어서,1
인하고있는,1
부라,1
가전,1
통과,1
엄지손가락,1
단체사진,1
어이없었습니다,1
지바,1
인했는데,1
다차,1
야하나,1
새롭게,1
용하는데이,1
편해서,1
지위,1
과식,1
간간,1
깔끔한데,1
리까,1
솔직히기,1
똑같아요,1
많다,1
안되더라,1
있냐고,1
나니,1
좁아졌어요,1
같앗고,1
집못,1
가능하다니,1
없고내가,1
그런것,1
가까와,1
김포공항,1
분별,1
불친절했지만,1
테이크아웃,1
낮아요,1
디오니소스,1
시더,1
라모,1
젊지,1
해피,1
시급한,1
전면,1
불멍,1
갈대,1
임대,1
루지,1
또띠야,1
은박,1
실망하실듯,1
새해,1
여주,1
도올,1
다주,1
그렇다치는데,1
좋겠다,1
가까우면,1
서남,1
휭휭,1
문밑,1
험한가요,1
더러운이,1
안위,1
후진,1
저렇지,1
부산한,1
명분,1
초가,1
가득하고수,1
파샬,1
무더웠으며,1
금보,1
있으나사,1
무늬,1
용하였습니다,1
여야,1
이쁩니다,1
엔뷰,1
에조,1
하프,1
데뷰,1
농락,1
계실텐데,1
아버지,1
환자,1
논밭,1
후속,1
서어,1
함정,1
많은것처럼,1
온도조절기,1
리뷰기사,1
좋았습니다만,1
재밌습니다,1
이케아,1
정작,1
답답했는데,1
라인,1
평상시,1
사례,1
짐끌,1
므너므,1
깔끔하진,1
전보,1
구유,1
어은,1
이럴줄안,1
훌륭합니다,1
시주,1
의하셔야해,1
싼마이,1
깉습,1
채광,1
약시,1
어떠한안내도,1
공식,1
아니였던,1
로그,1
강릉,1
녀행,1
파고,1
대만사람,1
태국,1
아시아,1
지이미,1
저렴하고가,1
수원,1
제이비,1
안되는시,1
도난,1
사면,1
심한것,1
랜덤,1
한숨,1
친절했다는,1
지호,1
너무했나,1
심하고,1
킹스,1
용하는게나,1
암담하네요,1
깨끗해서잘,1
희안하게,1
밤하늘,1
새소리,1
줄알았습,1
열사,1
인했더니,1
일러스트,1
완강,1
곳못봣,1
외풍,1
어서,1
이유리,1
저하,1
알몸,1
안주시,1
중요한건데,1
대도,1
시경,1
리차,1
미쳐,1
가짐,1
해제,1
홀드,1
오토,1
재촉,1
안전교육,1
차가웠어요,1
이슈,1
레일,1
미닫이문,1
아니었던것,1
나쁨을,1
등뉘,1
그러고선,1
황당했네요,1
빵점,1
책임자,1
당사자,1
의견,1
호암,1
미술관,1
알림,1
적나라하게,1
의무,1
없었던건,1
건조합니다,1
향해,1
각도,1
칼칼함을,1
따가워요,1
자연,1
만족해서,1
소시지,1
시끄러웠어요,1
가내,1
음악,1
파주,1
부드럽단,1
바빠,1
들락날락,1
어수선하고,1
있으나마,1
부천,1
정녕,1
자세히안,1
기침,1
고카,1
그렇다니,1
장진,1
치도,1
고지인,1
따뜻했었고,1
커피한잔,1
비빔밥,1
황당할,1
있다가,1
다자,1
아팠,1
편했던,1
드러워,1
백화점,1
영화,1
신작,1
독특하더라구요,1
좋았을,1
뻔히,1
안된다고하더군요,1
침침했습니다,1
좋아하실것,1
좋어,1
일바,1
뻘뻘,1
대형차,1
미친듯이,1
좁구요,1
무더웠습니다,1
불해,1
좋아하시는,1
감수,1
선심,1
내세,1
없으시죠,1
대뜸,1
좋구나,1
박합니다,1
술집,1
방가,1
깨끗하였고,1
자그만,1
편리한구,1
아늑한,1
반신,1
이아쉬,1
깜놀,1
심플,1
태무,1
난합니다,1
옅은,1
주광,1
침침하고,1
이건개,1
케이스,1
통위,1
허가,1
결혼기념일,1
떡국,1
장공,1
안이,1
인연,1
메리어트,1
니스,1
금일,1
시리얼,1
곳재,1
와인잔,1
충분했어요,1
착해서인지,1
깔끔했어요,1
팔공산,1
토스트,1
기대하지,1
집성촌,1
동성로,1
딱좋음,1
우노,1
리좀,1
변기수,1
어둠,1
무조,1
더럽지,1
검정색,1
안치,1
중요할듯,1
타일러,1
건스,1
가지원,1
이크,1
옺골,1
주최,1
이확,1
있고고데,1
너덜너덜한수건,1
안되더라구요,1
탈취,1
아플만큼,1
무서웠던것,1
에프킬라,1
부어,1
소환,1
로지,1
세균,1
거구,1
방설,1
불친절하셨네요,1
친절하게대,1
한나,1
경이이,1
한경,1
모텐,1
시대처음,1
국제,1
있긴한데,1
입니다다시가지는,1
신견,1
쫌쩡,1
미비,1
곤란한듯,1
비싸다는,1
나이트클럽,1
영상,1
서호,1
겸해,1
방광염,1
아아,1
다처,1
시어,1
안남았다라고,1
싸하게,1
타격,1
습했어요,1
엎친데덮친격,1
가볍게,1
그런말을,1
라며,1
줄평,1
세로,1
가로,1
회전,1
고변,1
스프레이,1
심리,1
다한,1
전예,1
안되는건,1
어리둥절했네요,1
꼼꼼히,1
도심지,1
좋았구요,1
불편함이있네요,1
만족한,1
러하,1
냅킨,1
약해도,1
공종,1
일체,1
소서,1
아이스,1
소재,1
쾌쾌,1
클라이언트,1
점단,1
기별,1
전력,1
경량,1
번했네요,1
폐쇄공포증,1
무서웠어요,1
데이터,1
전화하려고,1
아픈다신,1
비호감,1
없는말하면,1
뭐함,1
공휴일,1
연결하면,1
대표,1
고질,1
문고,1
누구세요,1
체감,1
웬만해서는,1
심각하네요,1
새로주신,1
참전,1
모로인,1
갈색,1
시문,1
황당하고어이가,1
재활,1
찝찝했네요,1
라나,1
오래되었군요,1
아깝다요,1
좀잘,1
친절하나,1
도세,1
그럴듯하고,1
상해,1
태연해서,1
미안하다,1
못감,1
살충제,1
사체,1
가약,1
양해도안구,1
좋아하는데,1
말썽,1
단식,1
구함,1
없어한,1
있었어야,1
분기,1
사별,1
무려,1
었습니,1
장외,1
민감하,1
배설물,1
비둘기,1
분한,1
불편해,1
부족했고기,1
그림,1
가일,1
뒤편,1
퀴퀴한,1
각오,1
입니다다음,1
번가,1
주일,1
입양,1
여별점,1
아프네,1
인서비,1
깨끗함,1
놀램,1
물통,1
야했,1
불편한게,1
스시,1
착하니와,1
편해요,1
똑똑해야,1
반성,1
추함이,1
딱딱해서,1
없을만큼,1
불친절해서아주,1
조각,1
층바텐,1
친절한건,1
뿐임,1
아까웠다,1
홀리데이,1
불편한건,1
방값,1
안되있어서,1
짜증났어요,1
수박,1
짜증나실거예요,1
갈비탕,1
그랬나싶어요,1
짧아요,1
무역,1
포근하고잘,1
간절,1
주기도,1
잘만,1
놀랬구,1
광택,1
넉넉합니다,1
상관없음,1
충돌,1
아이피,1
세병,1
침해,1
나로,1
온전,1
빵벽,1
다를,1
노노,1
벽틈,1
불친절하게안,1
회색,1
한기,1
덥다고,1
만족하시겠어요,1
건전,1
같다고,1
전화했으나,1
날숟소,1
워짐,1
안비,1
뭘더,1
더나을듯,1
예제,1
불미,1
안된다하,1
키안,1
머신,1
달걀,1
같다면,1
던어,1
지르르,1
열탕,1
마스터,1
밥그릇,1
좋으신,1
용하는지,1
있었다,1
냉탕,1
가주,1
용하지말라고,1
인하려고,1
해이,1
없는듯,1
버릇,1
그렇다하더라도,1
아니니,1
황해,1
있었으면,1
고어,1
이렇,1
개글,1
본사,1
곱슬,1
역도,1
다라,1
인하게,1
낭비,1
야했는지,1
통보,1
상호,1
가능한가요,1
원하면,1
종업원,1
데자,1
찝찝함이,1
스럽고,1
귀옆,1
추웠답니다,1
가웃,1
없는데다,1
없다고만,1
그런다는게,1
실하고난,1
이한창,1
좀하시길,1
같지,1
노상,1
승용차,1
부족하며,1
한남,1
그럴듯,1
실리,1
실화,1
둥마는둥,1
정신병,1
용하기는,1
심해도사,1
락달락,1
임왜,1
그런히,1
채덩,1
확실하니까,1
놀랬네요,1
애매하면말,1
전화했는데,1
마는,1
안되어있더라구요,1
정돈,1
말해뭐해,1
글쎄요,1
물더,1
안되겠,1
가흥,1
도열,1
신중하게객실,1
자몽,1
콜라,1
베드로,1
번지르르,1
추정,1
쓰던,1
가상했습니다,1
뻔쩍,1
무니,1
스러웠,1
웃음,1
많고하지만,1
좀어이가,1
친절해,1
아파요,1
대학병원,1
이잠,1
업무,1
후문,1
신호등,1
횡단보도,1
위험할,1
판이,1
스럽고말,1
직진,1
단속,1
퇴실후,1
담벼락,1
초대,1
이럴거면,1
엉덩이,1
장보고,1
가운데,1
분류,1
안마,1
안되어서,1
짜증났음,1
일차,1
아니였음,1
고씨,1
음이름,1
미지근해지더니,1
자세한,1
고있어요,1
있으셔서,1
아쉬웠,1
코튼,1
차가워용,1
자발,1
씼음,1
셋탑박스,1
스럽,1
황당했어요,1
소용없었어요,1
불명,1
옆쪽,1
안눌림,1
체널,1
복장,1
삼차,1
환급,1
용하는걸,1
그러시더라구요,1
의했더니,1
카톡,1
하래,1
없나,1
한계,1
끔찍했어요,1
알루미늄,1
서전,1
진창,1
좋게나,1
최하,1
맛있다고,1
저렴할,1
똑같고,1
은공,1
새로리,1
따뜻하지도,1
많았을텐데,1
로서,1
예식,1
그랬는지는,1
입니다하도,1
한심해서,1
웃돈,1
차액,1
없으신,1
함방,1
뽀얗게,1
디즈니,1
플러스,1
때뮨,1
용하시려는,1
길게,1
좋고가,1
적합하다고,1
심장,1
샤샤,1
통뒤,1
집도,1
벅베,1
다스,1
귀여웠어요,1
어이없음,1
라카,1
또밖,1
카폐,1
냒임,1
만족했을,1
문인,1
예상외,1
약하면,1
다모아,1
가능하고,1
서지,1
구역,1
다단,1
똑같을것,1
예민한데,1
많았지만,1
달성군,1
약함수건,1
개봉,1
시끄러운건,1
단위,1
맛있음,1
사드,1
먹음,1
외투,1
밥못,1
믹스,1
계란후라이,1
더더,1
로주,1
요인,1
강했네요,1
예쁘한데,1
주보,1
필요하여,1
문서,1
대외,1
프린트,1
이메일,1
칠지도,1
가능하다고하여,1
단둘,1
마주,1
발리,1
쪽물,1
체모,1
층룸,1
큐티브,1
그럴수,1
어렵다고,1
참으로,1
무책임한,1
기저귀,1
물밑,1
모닝콜,1
다지,1
용했을,1
검사,1
간단하게라도,1
법안,1
가전체,1
무뚝뚝한,1
아니였어요,1
더러웠,1
실하면,1
마개,1
동작,1
야채,1
칠곡,1
방은수,1
완벽하게,1
부적,1
이서,1
좋다까지는,1
하퇴,1
문두,1
하바,1
총평,1
지름,1
현실,1
뻐걱뻐걱,1
들떠서,1
방수,1
어어어어,1
학습,1
인룸입니,1
과일,1
비슷하겠다싶어서,1
황당하네요,1
툭툭,1
미지근했,1
있던것처럼,1
도키,1
사해,1
아니요,1
준방,1
좋다는,1
회장,1
안된답니다,1
야하기,1
아니었는데,1
어렵답니다,1
도정,1
안좋길래,1
약도,1
깨끗하지도,1
픽업,1
도시락,1
진행,1
해나,1
극구,1
전화하려다,1
일반인,1
벅벅,1
많으셔서,1
이몸,1
코트,1
도당,1
도롱,1
시들시들,1
유로,1
거북했던,1
거북했어요,1
재기,1
빠르다는,1
와부,1
용이하다는,1
한밤,1
다르겠지,1
기대했으나,1
아까워,1
음침해서,1
무서웠고,1
웠습,1
지저분했습니다,1
친절했으나,1
난생처음,1
내시,1
계시는,1
도딱,1
도예,1
아유,1
카락,1
썼슈,1
아까울,1
창밖,1
약하지,1
낡은줄,1
좋지못하였습니다,1
드하,1
괜찮냐는,1
그럴수있다라고,1
차때매,1
대체저번,1
없을시,1
까칠하네요,1
얇아서,1
인하러가니,1
타로,1
적응,1
시소,1
보호자,1
플레이도,1
후시,1
히어로,1
불편했,1
다름없었습니다,1
없는것이,1
비싸지,1
게낫,1
심했는데,1
일일이,1
흰색,1
요하니,1
거제도,1
간식,1
맘껏,1
가탁,1
천산,1
방추,1
번체,1
브로,1
큐티,1
돈대,1
수모,1
용할수있도록,1
텃세,1
자유롭지,1
빠다,1
그러셔서,1
용하니,1
스테이크,1
수영복,1
숭어,1
팩트,1
광어,1
고스,1
회집,1
단가,1
부인과,1
횟집,1
미끄러우나,1
착용,1
필요성,1
나지상,1
어떠한주의,1
준대형차,1
좁으므로,1
티맵,1
가능하다고해,1
박후기,1
박후,1
불편했답니다,1
솔찍,1
라거,1
저렴한거,1
샌드위치,1
층투썸,1
좋았답니다,1
안줌준,1
히노키,1
제도,1
놀러,1
은제,1
그러더라고요,1
햇겟,1
그러더라구요,1
무오,1
물이끼,1
주소,1
수다,1
비방,1
조선시대,1
장남,1
음문,1
베인,1
고파서,1
뜨끈함,1
찝찝했고,1
이쁨,1
세지,1
떡때,1
당연,1
답답해요,1
다다미방,1
맛있게,1
알차게이용,1
이뻤구요,1
다르다고,1
별기,1
곳일줄알기,1
화도,1
어젯밤,1
아닌소,1
헤프,1
비교우위,1
재미있었습니다,1
수로,1
한화,1
주오,1
있어자,1
가회,1
누나,1
만족했기에,1
보문,1
로소,1
알겟,1
나쁨,1
시꺼멓네요,1
방학,1
직장,1
경주로,1
요란해서,1
이런거도,1
당연한건,1
다르,1
비싼게,1
당연하네요,1
참말,1
비엔,1
아주머니,1
훈수,1
빡빡,1
추웠는데,1
요게,1
어쩰,1
풀이,1
비도,1
동완,1
별장,1
어두컴컴하구요,1
같진,1
절반,1
전구,1
못열,1
운용,1
웬걸,1
그럴듯하구요,1
저렴해지기까지,1
헷갈립니다,1
설겆,1
그랬던거겠죠,1
맛있었습니다,1
맛있었,1
밑반찬,1
맛있어요,1
멋있었고,1
보눈뷰,1
부족함,1
답습,1
위험하다,1
적선,1
새끼,1
더블베드,1
아담한,1
주니어스,1
멋지게,1
조경,1
립홀릭,1
시재,1
답답하지,1
깔끔했습니다,1
곧바로,1
신속하고,1
시릴,1
원했지만,1
만족해서다,1
다트,1
없으시면,1
시원찮고,1
아니네요,1
라바,1
물소,1
데타,1
아닌고,1
청안,1
추웠을것,1
등장,1
청소부,1
아쉽고난,1
리스,1
좁고주자,1
입출,1
돌리시,1
자위,1
운전,1
이미숙,1
물관,1
약해,1
싫으면,1
설쳐음,1
겨울비,1
이상태,1
틴트,1
웨이브,1
재차,1
한역,1
삼천포,1
사천,1
좋았다,1
넷플티빙쿠프,1
장차,1
나제,1
오만원,1
매력,1
비싸졌,1
뷰업글,1
리도,1
동거,1
포항시,1
그다지,1
고추장,1
인총,1
빨간거,1
입술,1
도지우,1
그러시길래,1
용하러오셨어요,1
기요,1
입장료,1
효용,1
만천,1
수영모,1
불가라,1
수질오염,1
바꿈,1
항구,1
좋고시내랑,1
불편함이있었습니다,1
이동해,1
차등,1
딱딱해요,1
심했어요,1
도습,1
악했네요,1
간경,1
언짢았네요,1
유카타,1
있다고하여서,1
의인,1
습해서,1
용하면,1
에아,1
넓습니다,1
넓어요,1
밀양,1
호메,1
용하고부터,1
복불복,1
당첨,1
에디,1
퓨저,1
순환,1
천정,1
이빠져서,1
쑥수,1
인해오시는,1
많으리라,1
뜨내기,1
대패,1
기빠진,1
전기차,1
초입,1
소품,1
식주,1
이점,1
모자라,1
티백,1
키시,1
안시,1
그랬네요,1
아가씨,1
그랬는,1
실바,1
딱좋은,1
버스정류장,1
미진,1
특색,1
불편함이있어요,1
반대,1
쓰레기봉투,1
디워,1
누렇,1
저렴했으면,1
높았는지,1
문앞,1
시락,1
고도,1
음원,1
함석,1
남값,1
없고인,1
전복죽,1
미지근하거나,1
상주,1
이상기,1
이란,1
원수,1
냉온,1
딱하나있어요,1
즐비하구요,1
좁지,1
미사,1
장살,1
있었고당,1
게스트하우스,1
청결하겠거니,1
푹신했지만,1
스스로,1
무관심한,1
층수,1
그따위,1
컨트롤,1
찍찍,1
반말,1
아지트,1
진임,1
비싸게,1
센서,1
힘들어서,1
가우리,1
불편했던게,1
미니바,1
환경보호,1
꼼꼼하게되,1
설쳤어요,1
나빴고,1
유일한,1
속상하네요,1
호델,1
케이,1
단풍,1
친정엄마,1
매월,1
많았던,1
맛있었어요,1
아쉽지만,1
외박,1
번외,1
쪽뒤,1
소용없습니다청결,1
박기준,1
속상했습니다,1
죄송하고,1
면회,1
입니다말이,1
번만,1
있을거다,1
특유의틱,1
아쉬우셨다고,1
별개,1
청결한것과는,1
리얼,1
말빼,1
만족해요,1
편안하다,1
운천,1
최신,1
론트쪽,1
암흑,1
이하일,1
친절하시다,1
편리하다,1
깨끝,1
아니구요,1
댓글알바,1
더나아요,1
서주,1
십지,1
커피컵,1
해병,1
면도,1
민망했네요,1
스러웠음,1
납부,1
입욕,1
야했으며,1
야했던,1
어두컴컴하게지내,1
딱딱하고거실,1
쌀쌀한,1
고등,1
이쁘게,1
색감,1
옥도,1
이쁘고,1
기대하시는,1
거짓,1
고막,1
어어,1
무덥습니다,1
페브리즈,1
향수,1
나고지,1
독했어요,1
주행,1
분잡,1
안된대,1
아니라서,1
하일,1
뚱뚱한,1
이분,1
넉넉하지,1
해만,1
마사지,1
할머니,1
미동,1
고압,1
천이,1
트위치,1
정수기,1
서문경,1
좋고해,1
지옥,1
이끼,1
예민한,1
뜨겁게,1
진드기,1
지독한,1
소독,1
병원,1
코팅,1
청결하지못하고,1
외진,1
풍만,1
어이없는말,1
키카,1
짧아서,1
서산,1
금오산,1
전별,1
말곤,1
구미,1
불친절하지도,1
얼음,1
캐릭터,1
데기,1
지저분한거,1
스카치테이프,1
실하는데,1
요퇴,1
많지만,1
괜찮다는,1
확보,1
중세,1
넓음,1
패드,1
면침낭,1
간지러운,1
성향,1
똑같을,1
류관,1
아까웠습니다,1
문제점,1
살살,1
좁지는,1
기비,1
뒷문,1
손쉽게,1
건조하지,1
딱딱해서거의,1
졸졸졸,1
중요한데,1
아플것,1
문안,1
생신,1
이십만원,1
요타,1
장옷,1
없고안,1
지다,1
바스락,1
부족한건,1
전화하니두,1
나안,1
고의,1
엔별,1
몇년전,1
초콜렛,1
영안,1
나빠네요,1
신중하게,1
어이없고요,1
무의미하고,1
도움,1
의해도,1
본격,1
막대기,1
이상하더라구요,1
들것,1
실했던,1
전입,1
만족스러운,1
불편한것이,1
탁했는데,1
내복,1
더웠습니다,1
더러웠으며,1
민망하구요,1
찍기,1
황룡,1
는고,1
불가능하다고,1
차가웠습니다,1
제적,1
굳은,1
미온수,1
요절,1
여행기,1
아닐듯,1
없다지만,1
뭉탱이,1
및맛,1
한가롭게,1
건조할수있는실내에,1
들떠있어,1
쉬고,1
튀어,1
준인,1
명기,1
깔끔하다,1
켄싱턴,1
당현,1
자칫,1
망은,1
평범한,1
더럽다,1
힐튼,1
쾌적하고,1
기대하지말고,1
번창,1
불편해서잘,1
도설,1
내부시,1
설리,1
이랜드,1
편견,1
볼륨,1
연관,1
예배,1
한식당,1
자재,1
남조,1
영덕,1
연화,1
편백,1
풀기,1
권고,1
