,freq
청결,739
직원,424
객실,370
시설,328
전주,305
조식,293
마을,247
이용,232
침대,227
위치,226
주변,212
가격,207
주차,203
화장실,179
예약,172
생각,167
침구,152
주차장,151
상태,151
군산,150
가족,145
근처,142
체크,139
추천,139
넓고,122
컨디션,120
냄새,112
아침,111
방도,107
편의점,106
방음,105
정도,103
서비스,102
느낌,101
매우,100
욕조,98
사장,95
맛집,93
친절하시고,92
친절하고,90
처음,89
사진,88
소리,86
욕실,86
청소,83
편하게,78
로비,77
스타,76
커피,75
같습니다,73
없어서,72
식당,71
건물,69
다시,68
샤워,68
저녁,67
남원,67
선택,67
전체,67
좋아서,67
난방,66
공간,65
무료,63
모텔,63
있어요,59
만족합니다,59
바닥,58
체크아웃,57
제공,57
소음,57
준비,56
분위기,54
방이,54
관리,54
티비,53
넓어서,53
인테리어,53
사람,51
카페,51
편하고,50
청결하고,49
기도,48
사용,48
칫솔,47
터미널,47
내부,47
음식,47
프론트,47
친절,47
바다,46
부모님,46
식도,45
완전,45
많고,45
대비,44
접근성,44
샴푸,43
수건,43
수압,43
관광지,43
부분,42
리뷰,42
산책,42
어메니티,42
만족,41
수영장,41
가까워서,41
커서,41
담배,40
친절해요,40
단점,40
조용하고,39
가면,39
바디,38
치약,38
좋음,38
복도,38
친절하셔서,38
전반,38
업그레이드,37
온도,37
편했어요,37
안내,36
같아,35
걱정,35
리조트,35
가게,35
넷플릭스,34
신경,34
지역,34
굉장히,34
가지,34
친절하게,34
도보,33
급하게,33
그런지,33
에어컨,33
친구,33
시내,33
덕분,33
깨끗해서,33
구비,33
배정,32
괜찮았어요,32
주차공간,32
편안하게,32
드라이기,32
좋게,32
좋네요,32
입니,32
테이블,31
평일,31
이동,31
보고,31
카운터,31
베개,31
응대,31
문제,31
만족했습니다,31
없어,31
깨끗한,30
좋았구요,30
신축,30
구경,30
살짝,30
룸서비스,30
창문,30
추억,30
있는데,30
외관,29
같은,29
여유,29
만족스러웠습니다,29
가기,29
없었습니다,29
깨끗했어요,28
공기청정기,28
추가,28
스파,27
옆방,27
용했습니다,27
있음,27
날씨,27
제일,27
편하게잘,27
물이,27
넓은,27
익산,27
미리,27
깨끗해요,27
의자,27
고민,27
아쉬운,26
후기,26
저렴한,26
간단한,26
깔끔해서,26
친절한,26
편의,26
가장,26
있었어요,26
크기,26
묵고,26
편안하게잘,26
기회,26
실내,26
생수,26
입구,25
역시,25
가깝고,25
루프,25
참고,25
개인,25
나름,25
할인,25
노후,25
나쁘지,25
냉장고,25
괜찮은,25
조절,25
투숙,25
부대,25
편히,25
일찍,25
관광,25
깔끔히거,24
안나,24
고조,24
젛습,24
계속,24
먼지,24
오래된,24
계획,24
가나,24
깔끔한,24
도로,24
테라스,24
친절합니다,24
가까운,23
지하,23
라면,23
있었습니다,23
식사,23
자체,23
해결,23
기억,23
이불,23
도크,23
엘리베이터,23
예정,22
입실,22
따뜻하고,22
친절하셨고,22
좋을것,22
없습니다,22
커튼,22
따뜻한,22
오시,22
포함,22
맥주,22
다가,22
더블,22
사우나,21
온돌방,21
버스,21
세면대,21
위해,21
해도,21
좋을,21
슬리퍼,21
머리카락,21
요다음,21
운영,21
구매,21
친절하셨어요,21
있었고,21
장점,21
오기,21
분리,20
변산,20
번창,20
무조건,20
편했습니다,20
조명,20
모시,20
매트리스,20
있지만,20
전혀,20
면서,20
기본,20
같네요,20
풍경,20
설명,20
좋았네요,20
아쉬웠어요,19
편리했습니다,19
화장,19
베드,19
인상,19
없었어요,19
린스,19
압도,19
음료,19
얼음,19
모델링,19
푹신해서,19
겨울,19
두번째,19
맛있었어요,19
즐거운,19
아닌,18
갈수,18
아쉬웠습니다,18
컴퓨터,18
만족하고,18
많은,18
있으면,18
없는,18
좋구요,18
비누,18
기대,18
멀지,18
부담,18
차로,18
좋았어어,18
있었는데,18
푹신하고,18
택시,18
싱글,18
친절하십니다,18
차량,18
용하기,18
보기,18
가능합니다,18
상당히,18
해수욕장,18
괜찮아요,18
깔끔했습니다,17
위트,17
샤워실,17
쾌적하고,17
불편함,17
편했고,17
일정,17
괜찮았습니다,17
타일러,17
온수,17
곳도,17
맛있게,17
단위,17
먹기,17
호수,17
만족스러운,17
없어요,17
편안하고,17
이벤트,17
아메리카노,17
깔끔하게,17
가능한,17
친절해서,17
끼리,17
배달,17
편안한,17
용할,17
프런트,17
오션,16
인할,16
편히잘,16
신분,16
힐링,16
요청,16
종류,16
온돌,16
전망,16
요즘,16
남편,16
높은,16
크게,16
편입,16
예쁘고,16
따뜻해서,16
방안,16
당황,16
주말,16
외부,16
책상,16
토스트,16
불편했어요,16
꿀잠,16
교통,16
깔끔했고,16
친절하세요,16
데스크,16
새벽,16
나중,16
다다,15
충전기,15
좋더라구요,15
역사,15
패밀리,15
좋았는데,15
잠자리,15
가능해서,15
가까워,15
비교,15
노래방,15
자고,15
조용한,15
시리얼,15
용했어요,15
그대로,15
비치,15
아니지만,15
숙박시설,15
간다,15
은방,15
만족스럽습니다,15
좋은데,15
맛있고,15
요조,15
일회용품,15
도구,14
가볍게,14
편해서,14
유지,14
같아서,14
인근,14
감동,14
감사,14
와인,14
용했는데,14
그것,14
있으며,14
한편,14
피로,14
려고,14
노벨,14
보이,14
채석,14
중앙,14
더욱,14
오픈,14
모든,14
께끗,14
조용해서,14
엄마,14
간단하게,14
비용,13
웰컴,13
마지막,13
감성,13
만족했어요,13
가까이,13
배치,13
굿굿,13
게임,13
음식점,13
수영,13
만족스러웠어요,13
문의,13
많아,13
좋았,13
식이,13
야경,13
마패,13
도안,13
물품,13
교체,13
선유도,13
당일,13
위생,13
중간,13
보로,13
고가,13
로예,13
공원,13
맛있는,13
일회용,13
편한,13
쿠폰,13
뷔페,13
아쉽지만,12
일이,12
편해요,12
산책로,12
작은,12
있더라구요,12
구류,12
디럭스,12
편리했어요,12
좋았던,12
비데,12
컵라면,12
고해,12
물놀이,12
버튼,12
거울,12
결정,12
가가,12
바람,12
인시,12
좋다고,12
무인,12
있었지만,12
전기장판,12
오후,12
향기,12
용품,12
좀더,12
변기,12
간단히,12
로이,12
깨끗했습니다,12
간식,12
패키지,12
바베큐,12
타고,12
그거,12
머리,11
깨끗하게,11
거실,11
에이,11
즐겁게,11
변산반도,11
남자,11
신하,11
대응,11
적극,11
무척,11
맛있었습니다,11
에어,11
취사,11
시장,11
시티,11
이아주,11
주의,11
쾌적한,11
행복한,11
휴식,11
트윈,11
전화,11
전주역,11
용하는,11
야해요,11
숙면,11
라마,11
저렴하고,11
부도,11
청결합니다,11
플레이,11
번화가,11
맛있습니다,11
수준,11
귀마개,11
양호,11
물건,11
따뜻하게잘,11
체적,11
시청,11
친절하신,11
애기,11
광한루,11
한옥호텔,11
용할게요,11
많아요,11
환경,11
가도,11
메뉴,11
비도,11
요한,11
장소,11
아기,11
안해,11
친절했습니다,11
깨끗했고,11
아쉬웠지만,11
광한루원,10
좁은,10
고객,10
야합,10
안되서,10
헬스장,10
휴가,10
우유,10
불편함은,10
좋을듯,10
엘베,10
개별,10
연휴,10
여름,10
금액,10
정리,10
좋을거,10
고물,10
신랑,10
용할것,10
직접,10
프로,10
마련,10
보시,10
주오,10
넉넉하고,10
없었는데,10
보통,10
제대로,10
정돈,10
친절히,10
용합니다,10
깔끔했어요,10
오늘,10
대신,10
도편,10
박물관,10
중요하게,10
깔끔하니,10
별로,10
퀄리티,10
비품,10
손님,10
부스,10
파크,10
연식,10
데리,10
잠도,10
불편함이,10
레트로,10
컨디셔,10
카마,10
야외,10
아쉬움,10
업무,10
잘못,10
검색,10
테마,10
고층,10
여러가지,10
서예,10
친절했어요,10
야식,10
보관,10
아늑하고,10
수풀,9
넓어,9
머신,9
거기,9
가끔,9
전자레인지,9
커피포트,9
답답하지,9
술집,9
필요한,9
에놀,9
편리합니다,9
이유,9
만족도,9
쾌적합니다,9
체험,9
경험,9
성인,9
설치,9
새로,9
구성,9
남부,9
대여,9
괜찮고,9
요물,9
다룸,9
편합니다,9
깔끔해요,9
인접,9
딱히,9
찾기,9
먹거리,9
한식,9
특성,9
아쉽네요,9
안쪽,9
가운,9
여행가,9
다방,9
없네요,9
가능하고,9
인원,9
침실,9
신관,9
구입,9
입장,9
걸이,9
옥상,9
같은데,9
높아서,9
많지,9
맛있어서,9
별도,9
옷장,9
자리,9
따뜻하게,9
켄싱턴,9
매니,9
확인,9
좋았다,9
연인,9
이기,9
일반,9
트리스,9
볼거리,9
조용히,9
키즈,9
비즈니스,8
전기차,8
같은게,8
맛있어요,8
충전,8
웨스턴,8
샐러드,8
많습니다,8
셀프,8
고기,8
구조,8
행시,8
용한,8
추합니다,8
고속버스,8
괜찮습니다,8
사이,8
카펫,8
아쉬운건,8
쓰기,8
부페,8
시스템,8
여기저기,8
수기,8
아들,8
서방,8
원래,8
여자,8
얼룩,8
곳곳,8
의향,8
이름,8
안마,8
도모,8
만족한,8
나머지,8
혁신도시,8
넓었어요,8
은파,8
보드게임,8
골목,8
청결해요,8
가보,8
목적,8
바닷가,8
같고,8
에드,8
환기,8
도움,8
마트,8
편안히잘,8
없었고,8
부가,8
흡연,8
굳이,8
대한,8
도나,8
모로,8
가능,8
이모,8
그런,8
면또,8
까운,8
아니라,8
게이,8
로션,8
가을,8
금연,8
강추,8
애슐리,8
센스,8
있으니,8
정수기,8
든든하게,8
어려움,8
사이즈,8
넉넉해서,8
조용합니다,8
추어탕,8
강아지,8
평소,8
군데,8
보일러,8
빵빵,8
기준,8
배려,8
예전,8
링크,8
크리스마스,8
없으니,8
가요,8
없는데,8
확실히,8
맛있었고,7
동하,7
진공,7
도시,7
자동,7
야할듯,7
놀러와,7
좁아서,7
더블베드,7
옥뷰,7
상품,7
인전,7
뚜벅,7
최근,7
같았어요,7
소하,7
스테이,7
연락,7
장기,7
좋았지만,7
편하게이,7
제외,7
간단하지만,7
군산시,7
시원하고,7
직하니,7
모습,7
벌레,7
계란,7
본관,7
쾌적했습니다,7
하니,7
실망,7
근대,7
듯해,7
재미,7
미니바,7
타월,7
아쉽게도,7
진행,7
만족스럽,7
친절하게대,7
널널,7
천합니다,7
워시,7
친철,7
모기,7
목욕,7
잡고,7
시작,7
나무,7
지상,7
콘도,7
친절하게안내,7
초이스,7
좋았답니다,7
아쉬웠던,7
많은데,7
몇번,7
합리,7
야해서,7
고비,7
안됩니다,7
때또,7
고급,7
불편한,7
엘레베이터,7
깨끗하게잘,7
용할께요,7
알차게,7
용하기에,7
분리수거,7
얘기,7
변경,7
쓰레기,7
용하겠습니다,7
편안함,7
없다,7
안되는,7
많음,7
금방,7
좋았음,7
없는게,7
착해서,7
청결해서,7
불구,7
작동,7
먼저,7
도아,7
순간,7
코앞,7
유리,7
고제,7
여행객,7
컨셉,7
노래,7
히터,7
전자렌지,7
지금,7
인포,7
이외,7
재밌게,7
깨끗하고가,7
풀기,7
가야,6
적당히,6
밥집,6
별기,6
인프라,6
있긴한데,6
피자,6
첫날,6
불도,6
장님,6
한참,6
원두,6
새만금,6
에이본,6
개선,6
식빵,6
높지,6
캉스,6
서재,6
식탁,6
자꾸,6
용해,6
천장,6
된거,6
워터파크,6
찍기,6
센터,6
파티,6
달걀,6
없는것,6
스타일,6
있는게,6
드레서,6
다행,6
친절하시,6
좋아했어요,6
고소하고,6
시재,6
클라우드,6
약했는데,6
계신,6
예뻐서,6
이드,6
커버,6
있네요,6
이제일,6
본점,6
날조,6
밤늦게,6
전날,6
있게,6
공기,6
더웠어요,6
이예,6
놀러,6
요추,6
주시,6
메리트,6
운전,6
식구,6
면도기,6
고프,6
고온,6
포근하고,6
씨리얼,6
좋다,6
하나로마트,6
청결한,6
실시,6
대해,6
좋아해서,6
없지만,6
서한,6
시외버스,6
오지,6
친절하시구,6
적당하고,6
부안,6
고합,6
치킨,6
푹신하니,6
호텔리어,6
니지,6
이쁘고,6
이안,6
편안했습니다,6
이별,6
불가,6
에스,6
좋앗어요,6
추워서,6
커플,6
무주,6
많았는데,6
있던,6
넓어요,6
더워서,6
최상,6
점도,6
평이,6
있던데,6
세트,6
편안했어요,6
멋진,6
야시장,6
뜨거운,6
친절하셨습니다,6
금고,6
최적,6
혜택,6
좋아하는,6
객리,6
베스트,6
진입,6
규모,6
콘센트,6
용이,6
티백,6
마루,6
다행히,6
용해서,6
추웠어요,6
널찍하고,6
적당한,6
요기,6
풍년제,6
데넘,6
커피숍,6
가두,6
하룻밤,6
아마,6
이면,5
자연,5
높고,5
좋겠네요,5
대안,5
안되,5
대체,5
더라구요,5
소파,5
유튜브,5
전용,5
둘이서,5
여서,5
아예,5
가까워요,5
비지니스,5
숙박업소,5
호실,5
있을,5
핸드폰,5
깜짝,5
인했는데,5
허브,5
뭔가,5
상권,5
길이,5
와이프,5
물때,5
없었지만,5
선물,5
트윈룸,5
고요,5
예술,5
복판,5
추위,5
아늑한,5
주문,5
이해,5
로만,5
공사,5
빠른,5
결제,5
골프,5
쾌적했어요,5
요전,5
시가,5
주신,5
안심,5
충분히,5
청결했습니다,5
번가,5
좋았어용,5
베니키아,5
후회,5
요강,5
음악,5
캡슐,5
인도,5
인해,5
배드,5
좀비,5
중심,5
에코,5
국내,5
가바,5
마리,5
어른,5
낡은,5
있는지,5
고간,5
꼭대기,5
쉬었,5
야외스파,5
저절로,5
입니다가,5
허리,5
서기,5
만족스럽고,5
매트,5
인기,5
전국,5
영화,5
클린,5
은별,5
다양한,5
달라,5
데뷰,5
고장,5
진심,5
오래되었지만,5
타워,5
불편,5
벽지,5
신식,5
만족스러웠던,5
용하고있습니다,5
작성,5
재방,5
세월,5
매달,5
쉬다,5
맞이,5
남자친구,5
부부,5
조명도,5
추워요,5
잡기,5
주출,5
무난,5
주위,5
비슷한,5
좋았구,5
서약,5
세탁기,5
흔적,5
깔끔하게잘,5
바깥,5
협소,5
가동,5
에전,5
서사,5
그릇,5
천문대,5
다마,5
방바닥,5
글로스터,5
면꼭,5
귀엽고,5
따뜻했습니다,5
직장,5
대부분,5
개방,5
요담,5
시기,5
아쉽습니다,5
요트,5
속도,5
첫인상,5
이아,5
사항,5
가시,5
저렴하게,5
아쉽,5
있는것,5
방식,5
안되어,5
창밖,5
푹신한듯,5
같더라구요,5
친절하시다,5
용할거,5
밤새,5
다음주,5
데또,5
포장,5
생일,5
아주머니,5
재즈,5
연결,5
별관,5
요하,5
출입구,5
용하였습니다,5
벚꽃,5
말소리,5
배수,5
안됨,5
세면,5
만족해,5
쉬었습,5
약속,5
공영,5
힘들었지만,5
장난,5
만큼,5
아침식사,5
공용,5
친절했고,5
핸드,4
대중교통,4
백련,4
그게,4
랜덤,4
귀찮아서,4
달리,4
서로,4
수납,4
운동,4
놀랬어요,4
야기,4
괜찮은데,4
런트,4
유가,4
따뜻했어요,4
불편했네요,4
세탁,4
고스,4
충분했습니다,4
시간대,4
경치,4
안경,4
안고,4
결혼식,4
가안,4
녹차,4
왠만한,4
족도,4
고담,4
친절하여,4
만족스러워서,4
최대,4
친절하시네요,4
실수,4
음날,4
한국,4
입니당,4
착한,4
그렇,4
뽀송하고,4
지방,4
을해,4
절대,4
해먹,4
다이닝,4
할리스커피,4
일몰,4
층간소음,4
좋겠어요,4
이참,4
계시는,4
중심지,4
조용하면서도,4
티켓,4
깔끔하다였습니다,4
양치,4
명절,4
불빛,4
세상,4
이제,4
세고,4
실제,4
런가,4
은하,4
많았고,4
가능했어요,4
없지,4
샴퓨,4
사랑,4
없던,4
구해,4
차이,4
스탠다드,4
요리,4
저번,4
가능하여,4
식기,4
상가,4
서자,4
넓게,4
어제,4
간이,4
내내,4
쾌적하게잘,4
은감,4
없으면,4
있으나,4
출발,4
베란다,4
용할수있었습니다,4
높아,4
쉬기,4
편했구요,4
넉넉한,4
유료,4
조아요,4
조만간,4
인하고,4
설정,4
리셉션,4
을사,4
어려운,4
유도,4
카페테리아,4
동료,4
철길,4
음료수,4
이성당,4
스피커,4
기계,4
통해,4
동생,4
시원하게,4
아닌데,4
커텐,4
페리,4
있는것도,4
없는듯,4
같은거,4
유명한,4
대청,4
많았습니다,4
배부르게,4
야합니다,4
평가,4
도심,4
작년,4
어차피,4
게쉬,4
발렛파킹,4
이구,4
대만,4
워낙,4
자판기,4
다한,4
등록,4
계정,4
동선,4
장작,4
좀있지만,4
레이,4
고하,4
아닙니다,4
평점,4
베이,4
리스트,4
불편했습니다,4
한쪽,4
로서,4
매력,4
가든,4
완벽,4
아무,4
서너,4
기전,4
여성,4
데비,4
또재,4
친절하셔,4
오전,4
초록,4
충분했어요,4
밸리,4
프로모션,4
좋겠습니다,4
같기,4
아아,4
뻔했어요,4
지리,4
아래,4
성능,4
안좋은,4
수구,4
건데,4
채널,4
방과,4
귀여워요,4
가능해,4
좁지만,4
친절하게잘,4
직업,4
아이스,4
약해요,4
거나,4
필요,4
인해서,4
한가지,4
일박,4
전화기,4
여분,4
대형,4
이뻤습니다,4
좋았으나,4
용할수있는,4
정상,4
야하는,4
불편했고,4
카페트,4
버블,4
반신,4
다감,4
오락실,4
요격,4
내부시,4
지인,4
무기,4
도착,4
입장권,4
일본,4
용할수있어서,4
만가,4
요일,4
좁지,4
세스코,4
피해,4
다리,4
한지,4
오래되어,4
실할,4
프리,4
피트니스,4
이하나,4
진행중,4
깜빡,4
부족한,4
슈퍼,4
마안,4
상세,4
예민한,4
깨끗하고아주,4
깔끔해,4
주올,4
이야기,4
있고요,4
프리미엄,4
좋아해요,4
같아여,4
미니,4
서화,4
암막,4
유의,4
만해,4
편안하게이,4
이마트,4
인조,4
인적,4
방향,4
판매,4
조용하게잘,4
탁트인,4
중문,4
단체,4
시끄러웠어요,4
많았어요,4
인분,4
샌드위치,4
취약,4
이따,4
없었네요,4
정리정돈,4
황태,4
다르게,4
장하기,4
고향,4
싱크대,4
고려,4
경이,4
깨끗함,4
쿠션,4
국밥,4
춥다,4
조용했어요,4
올해,4
최신,4
예민하,4
쇼파,4
다재,4
좋았어여,4
게다,4
식당가,4
근방,4
트리플,4
부공,4
운치,4
나위,4
해변,4
박했는데,4
부족함,4
이쁜,4
가득,4
방구,4
없었구요,4
레스토랑,4
정갈한,3
자동차,3
딱좋은,3
나이,3
그러,3
숲뷰,3
그림,3
원하시면,3
구명조끼,3
정보,3
푸근해서,3
거너,3
일출,3
볼수,3
캐리어,3
콘프레이크,3
가방,3
아쉬워요,3
저렇,3
시끄러웠습니다,3
세심,3
각층,3
요술,3
깊었습니다,3
자국,3
고오,3
아리,3
도해,3
성수,3
갤러리,3
만점,3
드릴,3
장미,3
이이,3
얼굴,3
도배,3
작업,3
구제,3
맛있게잘,3
로그,3
구멍,3
대로,3
딸기,3
동일한,3
다양하지는,3
다담,3
비해,3
야할거,3
기능,3
차지,3
골프장,3
용하던,3
친절함,3
관계자,3
가짓수,3
라이프,3
신청,3
부시장,3
모정,3
어머니,3
건너,3
아니고,3
요욕,3
단연,3
서애,3
입니다전주,3
젊은,3
몇개,3
말씀,3
완벽합니다,3
공장,3
친절하다,3
요금,3
고급스러운,3
수도,3
근거리,3
없었다,3
깨끗한데,3
한적하고,3
이뻤어요,3
지밀,3
판도,3
화이트,3
오락,3
색다른,3
서서,3
용하는데,3
미소,3
있구요,3
격포,3
대인,3
필수,3
휴무,3
인생,3
그렇고,3
완벽했습니다,3
끼니,3
서불,3
미역국,3
패스,3
바스락,3
지장,3
놀수,3
뒤쪽,3
넓었고,3
좋네,3
벌써,3
메인,3
용이합니다,3
인지,3
쎄서,3
좋았으며,3
발코니,3
불편한거,3
의미,3
이간,3
매트릭스,3
출근,3
충격,3
힘들었습니다,3
번거로,3
고속,3
다스,3
좋으나,3
편안히,3
로더,3
아닐까,3
없을,3
불편하진,3
좁고,3
용할듯,3
넓었습니다,3
처럼,3
엄지,3
택배,3
깔끔하,3
인용,3
아이스커피,3
안주,3
라인,3
현관문,3
면방,3
제법,3
약함,3
에두,3
이바,3
힘들었어요,3
기념,3
객사,3
친정엄마,3
통합,3
수전,3
어둡습니다,3
미술관,3
부탁드렸는데,3
이틀,3
헤드,3
데이,3
작고,3
여행자,3
모나카,3
항공우주,3
프라이,3
설연휴,3
오자,3
세번,3
동네,3
일부러,3
괜찮음,3
늦잠,3
여자친구,3
도리,3
든든히,3
마땅한,3
는걸,3
이용자,3
있었다,3
시불,3
숯불,3
뒷쪽,3
있어여,3
수리,3
외진,3
버스정류장,3
뜨끈한,3
데기,3
무리,3
남아,3
스팟,3
증상,3
다사,3
약과,3
장시,3
기만,3
가깝게,3
발생,3
루엘,3
아보,3
정착,3
안되는듯,3
친절하셔요,3
기입,3
하이,3
예민,3
해당,3
같음,3
마침,3
원하는,3
차가,3
정갈하고,3
좋았다고,3
레일,3
이요,3
약한,3
하나고,3
앞쪽,3
영업,3
정성,3
좋았고요,3
급히,3
콩나물,3
매점,3
로사,3
대도,3
대기,3
유산,3
괜찮았는데,3
시올,3
육회,3
깐깐하게,3
착했는데,3
남성,3
누룽지,3
중요한,3
편리한,3
콩나물국,3
주년,3
다해,3
좋지,3
분도,3
무심해서,3
기강,3
리가,3
전화하니,3
많지만,3
깨끗하네요,3
행사,3
청결하게,3
마무리,3
개구,3
편안합니다,3
구분,3
군데군데,3
쥬스,3
하늘,3
유명,3
급히구,3
자세히,3
많으니,3
고맙습니다,3
넓이,3
브랜드,3
양쪽,3
성공,3
있길래,3
용할수있어요,3
친절하시며,3
친절하였습니다,3
용하게,3
동쪽,3
작아요,3
괜챦,3
정장,3
퇴실,3
전주시,3
최대한,3
이오,3
어떨까,3
기념품,3
해물,3
과거,3
한성,3
없을것,3
가제,3
안좋았어요,3
쾌적해요,3
가치,3
같았습니다,3
추석,3
타임,3
경관,3
넓은게,3
상차림,3
한식당,3
피순대,3
만족스럽네요,3
위층,3
복층,3
금지,3
다른사람,3
있어도,3
일인,3
고시,3
동행,3
침대시트,3
부탁드립니다,3
포토,3
내년,3
있기,3
은비,3
넓었으며,3
점등,3
가능했고,3
휴지,3
장착,3
아이디,3
넓습니다,3
은한,3
스탠드,3
해장국,3
시한,3
유용했어요,3
스콘,3
가깝,3
통창,3
에보니,3
현재,3
보임,3
이보,3
넉넉하게,3
용기,3
넘칩니다,3
사기,3
부족하나,3
딱이에요,3
쉬고,3
요역,3
런닝머신,3
계란후라이,3
동반,3
강력,3
만족했던,3
즐겁고,3
흠잡을,3
여행지,3
훌륭합니다,3
단조,3
좋고요,3
정문,3
간날,3
아니라서,3
수가,3
퇴근,3
탁자,3
인덕션,3
하진,3
사골,3
이내,3
나루,3
트리,3
원수,3
주방,3
산책길,3
건너편,3
용하면,3
양말,3
개수대,3
안되고,3
열탕,3
휴게,3
산이,3
냉방,3
커피한잔,3
열기,3
차별,3
회관,3
무비,3
광고,3
편리하고,3
가납,3
이용도,3
시끄럽지,3
초입,3
편안해서,3
괜찮네요,3
임실,3
민감하,3
편해,3
만족스러워,3
독특했어요,3
길가,3
스럽고,3
계시,3
아깝지,3
고풍,3
결론,3
세제,3
친절히대,3
주스,3
다그,3
행복해지는,3
모래,3
리모컨,3
퀸즈,3
면개,3
호불호,3
저렴하게이용,3
조용했습니다,3
건아,3
바닷,3
구도,3
볼일,3
노을,3
예쁘게,3
백합,3
쾌적하게,3
객리단길,3
공청,3
예촌,3
관도,3
레지던스,3
계절,3
간편,3
깡패,3
용하고싶어요,3
오염,3
독채룸,3
화이팅,3
축구,3
시도,3
힘듬,3
아웃,3
사서,3
중화산동,3
막상,3
같구요,3
웨딩홀,3
쾌적해서,3
있는거,3
강도,3
호프,3
구오,3
칭찬,3
더니,3
뿌듯합니다,3
번호,3
물질,3
폭신폭,3
방법,3
발목,3
물티슈,3
동이,3
친절하세,3
더할,3
친절하시고가,3
편하게이용,3
딱좋았어요,3
는가,3
훌륭했어요,3
만족스러웠고,3
같은것도,3
음번,3
브라운,3
만족하였습니다,3
신해,3
는바,3
반찬,3
김치,3
가능해요,3
푸근하고,3
도도,3
스러,3
최상급,3
장물,3
채광,3
안된,3
치가,3
괜찮았고,3
가정,3
주가,3
금은,3
이크,3
어플,3
자전거,3
할리스,3
갯벌,2
거듭,2
입니다아주,2
협탁,2
시추,2
이즈,2
원합니다,2
반해서,2
포근해서,2
알았,2
듯합,2
피곤,2
단독,2
충분했고,2
이런거,2
무제한,2
친절하셨구요,2
로얄스,2
버터,2
이방,2
추웠습니다,2
열쇠,2
매년,2
필요해,2
이그리,2
예쁘더라구요,2
이하,2
고무,2
힘드실텐데,2
꽃심,2
자위,2
불편하긴,2
스턴,2
리지,2
완벽하고,2
성가,2
관심,2
빡세,2
항해,2
수단,2
편안하여,2
낮은,2
환상,2
입니다지하에서,2
많더라구요,2
고이,2
만족할,2
서시,2
맨발,2
이남기,2
제한,2
방황,2
만족하는,2
개월,2
만족할만,2
딱딱하지,2
고다,2
좋았아요,2
영국,2
평균,2
어기,2
편하고잘,2
신고,2
이함,2
가조,2
까페,2
제안,2
안되네요,2
위생용품,2
시끄럽긴,2
마운틴뷰,2
차단,2
고난,2
청결했어요,2
은제,2
좋앗습니다,2
사이드,2
좋았던것은,2
은근,2
편리하게,2
대등,2
친절하고요,2
가벼운,2
따뜻하니,2
스위트룸,2
필요없었습니다,2
향기도,2
예상,2
와이어,2
횟집,2
좋아야,2
이집,2
쌀쌀한,2
과자,2
포근한,2
주어,2
로그인,2
필요한거,2
방사,2
손질,2
이남,2
중요한건,2
저렴하게이,2
두루,2
고데기,2
모랑,2
비싸지만,2
접근,2
햇습,2
분모,2
신중하게,2
풍기,2
좋인요,2
청하면,2
야했는데,2
솔솔,2
기념일,2
충분한,2
편안해,2
남원역,2
취향,2
입장료,2
좋길래,2
불가하다고,2
엇어,2
중학생,2
과일,2
맞은편,2
청해,2
신경안,2
똑같은,2
좁다고,2
깨끗했으나,2
고전,2
아니어요,2
할머니,2
왼쪽,2
바퀴,2
비염,2
그랬습니다,2
깔끔하네요,2
기대하지,2
매장,2
한장,2
캠핑,2
깨끗했으며,2
지수,2
고집,2
친절하시더라구요,2
만족스러웠네요,2
불편할까,2
꾸준히이,2
급전,2
비정,2
특별한,2
다완,2
내외,2
갑작스럽게,2
전강,2
긍정,2
형태,2
전북대학교,2
가다가,2
야할,2
어머님,2
입욕,2
문해,2
좋아하시는,2
착했는데도,2
클래식,2
오른쪽,2
깨끗해,2
좋더군요,2
모임,2
어려웠지만,2
초등학생,2
목소리,2
그대,2
있긴해,2
용할만,2
충분히이,2
있으니까,2
에티켓,2
아쉬웠고,2
감안,2
편리해요,2
신세계,2
아쉬웠던건,2
좋을거라,2
상관,2
라서,2
이두,2
화장지,2
고여,2
안녕하세,2
청결하지못,2
다양하고,2
멋져서,2
깨끗하고잘,2
립홀릭,2
전문가,2
국물,2
비중,2
와인잔,2
라운드,2
용할수있었네요,2
이뻐요,2
싼값,2
스키장,2
미온수,2
착해,2
멋지고,2
생기,2
예쁜,2
만족스런,2
서수영,2
친절함과,2
어쨌든,2
낡았지만,2
방은정,2
식용,2
이정,2
그럼에도,2
넉넉했습니다,2
우거지,2
설렁탕,2
괜찮았지만,2
좀있어서,2
미친듯이,2
좋아용,2
가젤,2
텐트,2
코스,2
주인,2
현지,2
모던,2
모델,2
박연,2
박했었는데,2
평범한,2
지난번,2
편리하게잘,2
거미줄,2
덜하구요,2
가능했습니다,2
한적해서,2
점수,2
본인,2
천원,2
저녁식사,2
조성,2
괜찮다,2
숙객,2
문자,2
더이,2
다양하게,2
불편한건,2
조용했,2
번은,2
서풍,2
야무지게,2
나봄,2
좋아라,2
일식집,2
마주,2
같단,2
높습니다,2
심했는데,2
친절한주,2
편해서잘,2
단방,2
맛있고잘,2
좋겠다는,2
푹신했어요,2
있다가,2
좋고가,2
오래되서,2
매일,2
호사,2
영어,2
주니어스,2
인테리어디자인,2
불량한,2
에지,2
목격,2
티어,2
타입,2
민감하신데,2
전통,2
십일만오천원,2
괜찮,2
없구요,2
로지,2
라떼,2
캠핑장,2
약했습니다,2
되고,2
부여,2
나은,2
데스,2
대서,2
대체로,2
이그,2
중식,2
반투명,2
피톤,2
저렴해지면,2
자부,2
폴바,2
호탤,2
서원,2
주로,2
계열,2
바나나,2
웬만한,2
조용하게,2
깊은,2
햇살,2
석정,2
날입,2
맛있게다잘,2
있었는데요,2
그런거,2
애완견,2
기비,2
작아도,2
넓다,2
높았어요,2
있을거,2
없을거,2
저렴하구,2
새로리,2
아니네요,2
솔직,2
한겨울,2
이중창,2
시외,2
덜합니다,2
중국집,2
예뻐,2
따뜻하다못해,2
고룸,2
기하,2
재밌게잘,2
메이,2
영화관,2
편리함전주,2
등세,2
아프다고,2
인성,2
목욕탕,2
만족했,2
지리산,2
워시물,2
신건,2
너배,2
정취,2
야할까,2
지운영,2
둘째,2
필요한게,2
걷기,2
잔치국수,2
있었어서,2
이서,2
세명,2
정원,2
고추,2
건조하고,2
예뻤어요,2
뿐입니다,2
걸레,2
아래쪽,2
헤브,2
비비큐,2
좀휑,2
번더,2
서장,2
아쉽긴,2
일주,2
기절,2
반적,2
아빠,2
냉탕,2
실망했는데,2
스러웠습니다,2
예상외,2
방충,2
아늑하게,2
구름,2
실한,2
나쁘진,2
철저하게,2
위로,2
따뜻함,2
아름다운,2
가습기,2
주심,2
정책,2
아이스크림,2
상이,2
스포츠,2
짱짱,2
도미,2
궁금한,2
흡연실,2
고개,2
층더,2
일주일,2
깨끗했,2
필요합니다,2
랜드,2
음악분수,2
석식,2
크리스마스트리,2
요구사항,2
필요할것,2
이쁘네요,2
에프,2
미닫이,2
별거,2
현장,2
현대,2
통화,2
이산,2
등주,2
오래된거,2
충실한,2
대명,2
실물,2
편안했고,2
엄청난,2
지라,2
보쌈,2
친절하시구요,2
밑반찬,2
높이,2
온기,2
원했는데,2
오니,2
하이라이트,2
문구,2
확신,2
잘잘,2
표시,2
구간,2
특급,2
뜨뜻해서,2
기류,2
두기,2
불편했던,2
만족합니,2
소소한,2
구축,2
시험,2
그래요,2
조용해요,2
구석,2
요원,2
기간,2
해바라기,2
괜찮을거,2
통제,2
냉수,2
깨끗하여다음,2
인해야,2
주도현,2
관광객,2
장예,2
카존,2
약했어요,2
에쏘,2
롯데리아,2
구역,2
깔끔하고한,2
필요없을거,2
전북대,2
없는거,2
원하시는,2
신기했습니다,2
깨끗하고요,2
층임,2
도사,2
에이스침대,2
스낵바,2
젓갈,2
착했을,2
서주,2
다급하게,2
추워,2
빠르고,2
활용,2
부족한듯,2
같았고,2
조용히잘,2
인사,2
장마,2
룸안,2
물바다,2
힘들었던,2
해지,2
교육,2
꼭꼭,2
담요,2
좋고어,2
부럽지,2
좋아하셨어요,2
산바,2
아닌거,2
물자체,2
이건,2
그러한,2
약하려구요,2
면재,2
편하다,2
넓더라구요,2
인하는,2
신시,2
태풍,2
더없이,2
분강추,2
간펀,2
정해,2
아쉬울,2
응항쪽,2
미끄러운거와,2
이온,2
편하게전주,2
편도,2
고도,2
감상,2
이미지,2
군산세관,2
방배,2
준수,2
깔끔하고가,2
종이,2
자하,2
전망대,2
고고,2
한결같은,2
서버,2
가능한것,2
과언,2
해오,2
나비,2
셋팅,2
간결하고,2
용하기가,2
신물,2
합격,2
번쩌,2
코너,2
어르신,2
개천,2
차선,2
아닌가,2
하든,2
갈비,2
고사,2
기대하면,2
맛있었,2
만족하고있습니다,2
판단,2
개중,2
빈옷,2
가깝구요,2
좋은걸,2
곰팡이,2
리버,2
있다는,2
서술,2
아파트,2
심하더군요,2
아차,2
축제,2
경암동,2
지엄,2
테디베어,2
서식,2
괜찮을,2
가옥,2
신흥동,2
세안,2
죠스,2
몇몇,2
라이,2
낡아,2
면숙,2
비싼,2
틀림,2
박하고있는,2
많은것은,2
무더워서,2
체인,2
길거리,2
없으나,2
가까워서도,2
탑꼭,2
선정,2
있을건,2
있겠,2
도기,2
크리스마스이브,2
출입,2
괜찮구요,2
있었으나,2
아쉽고,2
관람,2
비지,2
집기,2
지조,2
예쁩니다,2
경도,2
이대,2
단일,2
오금,2
조용하니,2
은숙,2
쿵쾅,2
박하기,2
아름답고,2
인하면,2
환풍기,2
개념,2
착하자마자,2
가구,2
안정감,2
갈비찜,2
다육,2
면옥,2
힘들었는데,2
장거리,2
흠잡을데,2
베이스,2
도어,2
서리,2
해넘이,2
재밌었어용,2
대접,2
깔끔하게사,2
최악,2
머니,2
아담한,2
가능함,2
작아서,2
고연,2
기적,2
리먼,2
간방,2
깊었어요,2
예뻤습니다,2
선호,2
나란히,2
에고,2
좁긴,2
주무,2
형성,2
깔끔하구,2
롱패딩,2
을기,2
좋았을텐데,2
만하,2
첨부,2
있답니다,2
포인트,2
아몬드,2
자도,2
푹신한,2
여태,2
이쁘더라구요,2
시끄럽게,2
업글,2
있다고,2
찝찝한,2
서안,2
독특하고,2
무색,2
큰일,2
무더워,2
어마,2
햄빵,2
기일,2
같던데,2
그니,2
개성,2
전경,2
주기,2
고자,2
요타,2
작은게,2
수고,2
시오,2
면봉,2
나방,2
행복하고,2
행온,2
아기자기한,2
수제,2
요명,2
신라,2
가능할듯,2
만족하셨어요,2
드라이어,2
적당합니다,2
서브,2
마루라,2
좁으면,2
리사,2
잔디밭,2
스타벅스,2
푸른,2
게임기,2
더운,2
판이,2
건조기,2
미용,2
청결히고,2
즐거움,2
가까운거리라,2
출입문,2
윈룸,2
아담하고,2
용하게되,2
간판,2
튜브,2
입니다한,2
기온,2
다비,2
시원했습니다,2
많았구요,2
용도,2
높았는데,2
없었는지,2
있었구요,2
오류,2
이어도,2
앨리,2
작은방,2
노랑,2
안락한,2
데프론,2
전주객사,2
비빔,2
따뜻해서잘,2
일부,2
조용하여,2
독채,2
오오,2
여럿,2
일상,2
깨끗하다고,2
국수,2
멋있는,2
소사고,2
사포,2
만완속,2
좋아여,2
가약,2
선셋뷰,2
다기,2
좋았던소,2
싹풀,2
날비,2
어디가,2
구가,2
다양해서,2
소품,2
론데,2
넘치는,2
가맥집,2
반하고,2
오목,2
관리자,2
신발,2
넓구,2
작은수건,2
청결하였고,2
발렛,2
도인,2
착하시고,2
청결하였습니다,2
좋았던것,2
리얼,2
저렴했고,2
오래되,2
일절,2
지점,2
칸막이,2
은사,2
밥솥,2
요새,2
비빔밥,2
있는건,2
많긴,2
세척,2
없는건,2
실전,2
렌징,2
달전,2
신나게,2
안락했습니다,2
좋아하실거,2
따뜻했고,2
유투브,2
로또,2
입니다고,2
사모님,2
시방,2
딥슬립,2
많지는,2
다른건,2
넉넉하게있어서,2
포트,2
다생,2
좋아하고,2
아내,2
전복죽,2
브런치,2
딸아이,2
미국,2
여건,2
안전,2
푸드,2
만숙,2
훌륭한,2
만화책,2
마시기,2
천해,2
실했는데,2
좋다며,2
부탁,2
장갑,2
비닐,2
제품,2
상냥하고,2
고재,2
친절함에,2
윗층,2
힘든,2
뻑뻑,2
어려웠습니다,2
고봉,2
아닐,2
생태,2
외투,2
쉬워요,2
친절하고잘,2
쇼핑,2
오스,2
알맞은,2
가운데,2
차후,2
많다고,2
짐작,2
천국,2
에리,2
막걸리,2
안된다는,2
점심,2
스러웠어요,2
발견,2
김병종,2
데일,2
면도,2
안보,2
이열리,2
스마트,2
곱창,2
구이,2
있더라고요,2
전조,2
신기했어요,2
담날,2
내의,2
작품,2
뉴얼,2
전시,2
괜찮았던,2
있었네요,2
사정,2
미안,2
로주,2
깨끗했구요,2
야함,2
대가,2
몹시,2
높은데,2
이사,2
좁다는,2
좋았어,2
지고,2
소한,2
용했던,2
만족해요,2
입시,2
동물원,2
화려하고,2
있었,2
펜션,2
거지,2
와우,2
아쉬,2
이뻐,2
많네요,2
방금,2
관련,2
로안,2
용했고,2
시립,2
힘들었고,2
차칸,2
은지,2
스테인레스,2
사의,2
만족스러워요,2
과객,2
만족스러웠구요,2
추웠음,2
을제,2
편했던,2
약국,2
뜨거워서,2
공존,2
전동성당,2
같은것,2
외곽,2
편리함,2
좋긴,2
노트북,2
친절함을,2
아니었어요,2
살균,2
좋지는,2
고리,2
버거킹,2
반려동물,2
완벽한,2
괜찮았,2
낭만,2
낮아서,2
서출,2
뚜껑,2
대화,2
알차게잘,2
깨끗히,2
약해서,2
유명한데,2
세탁실,2
좋겠,2
제빙,2
군산역,2
힘들었네요,2
된장국,2
박하면서,2
약했고,2
용할수있습니다,2
적당해서,2
락스,2
느리고,2
시원한,2
가막,2
인하는데,2
원했더니,2
잔잔한,2
좋아하네요,2
사전,2
건조,2
편리하게이,2
빌딩,2
생크림,1
딱좋네요,1
흐릿,1
있다고다음,1
딱이었습니다,1
친절하게하나하나잘,1
마늘,1
라벨,1
접시,1
넓지가,1
진향,1
놀이터,1
가능할,1
이마,1
두꺼운요,1
찐빵,1
이럴거면,1
답답하지도,1
누군가,1
따루,1
야했네요,1
푹신해서잘,1
깨끗했고다만,1
취소,1
티셔츠,1
에러,1
얼른,1
청소년,1
회한,1
수련,1
예쁘구요,1
메리,1
가이드,1
약해,1
안이,1
금번,1
불투명,1
준인,1
다독,1
더웟,1
전화해서,1
되고요,1
괜찮았네요,1
좋았어오다시,1
메이드,1
대면,1
병원,1
힘들고,1
전화했는데,1
아쉽고주말,1
격포항,1
신나서,1
차서,1
은은해서,1
범위,1
강하고,1
실루엣,1
문하,1
나하시,1
구지,1
아파서,1
고추장,1
간장,1
던것,1
정기,1
점검,1
방감,1
음침함하지만,1
트레킹,1
만족하시고,1
달라셨는데,1
가능한것도,1
햇빛,1
시끄럽지도,1
괜찮았음,1
드레셔,1
있구여,1
인하게,1
아주대,1
피시방,1
단순히,1
없내요,1
티켓팅,1
플렉스,1
불량,1
제로,1
액젓,1
제빵,1
강추룸,1
유명하다길래,1
요거트,1
편안하네요,1
도담,1
산길,1
가슴,1
깔끔하며,1
재입,1
제초,1
노력,1
스파크,1
안주시,1
건가,1
라베,1
방문객,1
든든함,1
스윗,1
이인상,1
가유,1
좋게나,1
어프,1
요소,1
이결,1
에픽,1
괜찮앗고,1
마땅하게,1
적임,1
남매,1
딱딱하고,1
같은거를,1
못해,1
풀이,1
서머,1
웠음,1
인디자인,1
없는지,1
입니다다시,1
리신,1
도스,1
오들오들,1
움청,1
부드러워서,1
청결했고요,1
고생,1
이문,1
곰소항,1
만족하였으,1
석양,1
지저분한,1
형님,1
독특했음,1
편한하게,1
오프너,1
폭죽,1
무작정,1
케이크,1
부족하였고,1
만방,1
청결했구요,1
깔끔하여,1
조문,1
넓었는,1
정읍,1
데쓰,1
데모,1
대우,1
단계,1
꼭스,1
매료,1
연로,1
용했구요,1
퀄리티기,1
커다래서,1
한적하게,1
용이해,1
음가,1
요리사,1
뜨끈했고,1
형식,1
몸녹,1
후끈해서,1
커다란,1
기품,1
없을까봐,1
나날이,1
용해야겠습니다,1
리해,1
모항,1
지난,1
편한하,1
알찹니다,1
전기포트,1
뎁혀,1
필요한것만,1
이연,1
장단점,1
자가,1
해질녘,1
이구분,1
결혼기념일,1
미세먼지,1
아쉬었지만,1
대충,1
담백했고,1
페스,1
집밥,1
같긴하지,1
섬세한,1
감각,1
세일,1
추구,1
다합,1
착하고,1
파도,1
타협,1
노소,1
남녀,1
잡다한,1
수평선,1
있도시내,1
행복하며안전을,1
해안선,1
자랑,1
멋있고아주,1
이런게,1
만주,1
의하면,1
큰아들,1
부족해서,1
촉박하게,1
편한거,1
유선,1
방송,1
아닌가싶네요,1
뷰욕,1
입니다만,1
저렴했으면,1
다양했음,1
같야요,1
모닝,1
좋아습니다,1
안되고수건,1
이쁨하지만,1
정비,1
병제,1
멋졌음,1
있고실내,1
신사,1
깊었구요,1
불꽃놀이,1
캔들,1
폭염,1
별세,1
야할것,1
서향,1
은피,1
찝찝하거든요,1
이창,1
습기,1
처리,1
유흥업소,1
편하더라구요,1
덥지도,1
말해,1
더치,1
아늑하게이,1
박도,1
고급스럽습니다,1
모해,1
좋더라,1
같은데도,1
머무르,1
날그,1
스팀,1
뭐합,1
팔각정,1
야하구요,1
보디,1
방면,1
편리하고아주,1
용하는것인데,1
신기했음,1
있다는게,1
좋거나,1
많았어서,1
재활용,1
건조하지,1
있고수건,1
미흡한,1
조치,1
낙후,1
과다르,1
못지않다고,1
착하여,1
수도관,1
물난리,1
비슷했어요,1
주입,1
니아,1
좋아하더라구요,1
금불,1
쾌적했고,1
채선당,1
서점,1
이사고,1
좋아하니,1
힘들지,1
인함,1
용이하고,1
넓은건,1
반반속,1
간단,1
고젤,1
업체,1
만주인,1
만발,1
부족했지,1
말라,1
중요했고,1
딱하나는,1
동한,1
두꺼운,1
박동,1
부티크,1
따뜻할,1
깨끘,1
족하,1
저렴하면전주,1
즐거웠어요,1
생활,1
미지근할까,1
싸늘해서,1
바빠서,1
특이합니다,1
다공,1
용하기는,1
애매하기는,1
용해도,1
방한,1
담하진못,1
도씨,1
박보,1
연동,1
매화,1
응급실,1
신도시,1
친절하니,1
도객사,1
딱이였습니다,1
인했는데도,1
요객,1
은줄,1
가무,1
사르르,1
용하는데이,1
능이,1
친절함이전주에서,1
편안하오니전주로,1
화함이,1
쏠쏠했어요,1
딱좋아요,1
길강,1
조촐하여,1
제기,1
급경사,1
건조한,1
가깝네요,1
비싼거,1
같긴하지만,1
무소,1
음조,1
시나,1
우아동,1
귀가,1
위험했구요,1
특수,1
지급,1
위도,1
멕시코,1
에나,1
임마,1
대세,1
깊어서,1
지시,1
힘들어하실,1
상의,1
청결함에,1
지도,1
북어,1
사나,1
낡았어요,1
국맛,1
발전,1
쪼금,1
만족스런전주,1
원하신다면,1
강력히,1
용이했어요,1
간편히잘,1
무가,1
파라,1
로렌,1
윌리엄스,1
힘들어,1
아쉬었어요,1
안좋음,1
움날,1
어둡게,1
남대,1
이만,1
완벽하진,1
변환,1
길방,1
기두,1
맛사지,1
시원하게잘,1
퀘퀘,1
부족한면은,1
메트라,1
도작,1
후미,1
불편하,1
무겁거나,1
많아용,1
입력,1
지번,1
주소,1
무었,1
도로명주소,1
무리가있었지만,1
변하는건대,1
접촉,1
트램폴린,1
나가시,1
흠잡을것,1
있잖아요,1
때턱,1
있을까봐,1
같지,1
태국,1
굿룸,1
인일때,1
명분,1
되어있습니다,1
계신만큼,1
은자,1
로자,1
자부심,1
저렴해서,1
반신반의,1
카운트,1
고딩,1
있으면서,1
사시,1
나쁘셨으면,1
상관없었음,1
편리하고요,1
맛있다,1
말랑하고안,1
미끄럼틀,1
쿠키,1
강함,1
친절하나,1
찌개,1
삼천원,1
미래,1
적당,1
푹신한게,1
이쁘고잘,1
기보,1
재밌는,1
충분하고,1
부족하다면,1
삼십초,1
분기,1
냉면,1
키더,1
비쌌습니다,1
삼계탕,1
는물,1
꼭재,1
용해야겠어요,1
유아,1
방룸,1
컴퓨터게임,1
눈치,1
의한수였다고,1
뿌듯했습니다,1
완벽하였고,1
엇니,1
한해,1
무서웠지만,1
즐거고,1
지정도,1
좀있었습니다,1
외전,1
만족했네요,1
뛰어난,1
대용,1
용이한것도,1
경암,1
메인스트리트,1
다식,1
사가,1
또묵,1
지갑,1
는담,1
다시피,1
시더,1
면문,1
김치우,1
동짱,1
색도,1
편하네요,1
컨티션,1
갈래,1
멘트,1
재밌고,1
넓고두,1
아바,1
구별,1
질때,1
개운해서,1
룩스,1
이연결,1
우중충한,1
약했는데도,1
대신대,1
깊었는데,1
프로젝트,1
대수,1
빠듯,1
만년,1
깔끔해졌어요,1
용할수있었구요,1
환하고,1
부담스럽긴,1
군인,1
만족했고,1
많았고한,1
쾌적한가지,1
용했었어요,1
테두리,1
내한,1
종종,1
깔끔했구요,1
불안했다는,1
거조,1
사생활,1
푹잔것,1
그다지,1
마룻바닥,1
신기했고,1
고려병원,1
피곤했던,1
깔끔했으며,1
있는것이,1
스뎅,1
특징,1
리리,1
휴대폰번호,1
요요,1
가능한것이,1
용하러,1
경하,1
수퍼,1
불편함이전혀,1
용하는데시내안에,1
퍼레이드,1
땐또,1
많고이,1
젊음,1
십만원,1
충분했다고,1
꾸준히,1
심하고이,1
심상,1
세입,1
애가,1
큰길,1
무서웠는데,1
되어있어요,1
차라,1
좁습니다,1
어려웠,1
차례,1
즉석음식,1
침낭,1
눌릴,1
싱싱했음,1
좋고주말은,1
포스터,1
프로요,1
과대,1
오래된것치곤,1
어스,1
펠링,1
보수,1
푹신하네요,1
멍하는것도,1
맛있더라구요,1
다과,1
개장,1
가능했지만,1
완제,1
만팔,1
힘듭니다,1
어렵습니다,1
뜻온,1
뿜뿜,1
성춘향,1
은애,1
슐린,1
프론트직원,1
박하며,1
조용해서이,1
가풍,1
넉넉하게주네요,1
성하여,1
시끄러운거잘,1
아름다,1
점례,1
더해,1
멀진,1
행복함을주었고,1
가위,1
베드로,1
더해준것,1
향후,1
인스타,1
입니다아가랑,1
보완,1
네모,1
안락하고,1
럭셔리,1
더아니,1
여친,1
즐거운데,1
뽀송뽀송했고,1
애용,1
맛있게자,1
쉬고잘,1
좋아합니다,1
겧습,1
만족스러울것이라,1
행등,1
도등,1
다르네요,1
비싸가,1
없답니다,1
조은,1
방모,1
친절했다면,1
말투,1
어둡고,1
답답해서,1
짜증,1
기운,1
사치,1
대답,1
지난주,1
용하고싶지는,1
렌탈등,1
딱이고,1
직전,1
친젏,1
로직,1
아쉽더라구요,1
입니다아이와,1
입지,1
향교,1
소화,1
오감,1
안남아서,1
상관없이이,1
다다미,1
대학생,1
엠티,1
심하면,1
닥닥,1
살때,1
자세하게,1
비만,1
홀려,1
다차,1
낡긴,1
에슐리,1
적절한,1
대속,1
전라,1
친절함이,1
분수,1
많았네요,1
벌이,1
필요없긴,1
괜찮아서,1
계단,1
없겠지만,1
똑같아서,1
없었으나,1
힘드셨나,1
같구,1
만루,1
좋았을거,1
조용한게,1
서역,1
친절하시고이,1
깨끗하고이,1
달초,1
자개,1
청결하며,1
좁아요,1
대하,1
나쁘지는,1
항시,1
즐비하여,1
입맛,1
뜨끈해서,1
양옆,1
깨끗하고시내와,1
서신,1
같았구,1
다양하여,1
친절히안내,1
나진,1
더럽진,1
없었고요,1
좋있었고,1
전라도,1
다행히사,1
임산부,1
수월했고요,1
화해서,1
좀낫,1
인할수있었습니다,1
수월하게,1
거도,1
좁거나,1
막비,1
도용,1
간단하게는,1
환영,1
고급스러워,1
간달,1
정숙,1
아쉬웠음,1
건조대,1
인할수있었어요,1
신기한,1
인하러와,1
딱딱하다는,1
일시,1
든든해서,1
부다,1
작으나,1
충분,1
프로그램,1
여관,1
쉬었습니다,1
괜찮을까,1
정수,1
좋아하신것,1
이랬나,1
따뜻함으로,1
민망할수있어요,1
깊어요,1
차원,1
노후하기는,1
부족했지만,1
부집,1
딱히못,1
적합함,1
천문,1
모노레일,1
재해,1
있으시면,1
자녀,1
미성년,1
곡성,1
프로도,1
연령,1
궁금해서,1
모처럼,1
실하거나,1
아라리,1
따뜻합니다,1
아슬아슬했던,1
청결함은,1
딱좋았네요,1
룸킹,1
개비,1
품바,1
디워,1
헤어드라이어,1
와이파이,1
이문열,1
인하고다시,1
바램,1
아담하고운치있네요,1
마약,1
구경만,1
도톰하니,1
조용했는데,1
깻습니,1
예쁘더라고요,1
이조,1
편리해서,1
불편한것도,1
부들부들,1
날인,1
나불,1
용하는거,1
도산,1
덥고,1
그랜드,1
도주,1
잉어,1
딩쎈스,1
있어아이와,1
어설픈,1
불호,1
롱패,1
귀여운오리,1
연못,1
부용정,1
라다,1
가오니,1
오롯,1
마디,1
양하진,1
인했어,1
측간,1
아까웠어요,1
오도,1
차갑지,1
제청,1
포도,1
좋고야,1
아들내미,1
익충,1
강해서,1
때재,1
아쉬웠던것은,1
결혼식장,1
행복할듯,1
넓지는,1
경방,1
돈까스,1
티타임,1
필요함,1
푹신함이라,1
약하여,1
밖뷰,1
가속,1
시원하고아주,1
유용하게이,1
도딱,1
알맞게,1
코인,1
간취,1
청결하게잘,1
안전히잘,1
어두웠던,1
따뜻히,1
우려,1
어둡긴,1
땐옆,1
등부,1
고단,1
깨끗하고다,1
징그러운,1
역할,1
뿌리,1
짧아,1
선선,1
티브이,1
부지런히,1
청결하게세,1
참전,1
좋아하거든요,1
따뜻하단,1
관리직,1
친절하셨,1
달도,1
행복해,1
편한한,1
괜찮다는,1
사설,1
관측,1
마감,1
일대,1
제일고,1
백프로,1
엘리트,1
박자,1
아니라고,1
텔레비전,1
세곳,1
불편할건,1
일어나서,1
반응,1
좁았지만,1
여태껏,1
접지,1
논전,1
온탕,1
시원해지면,1
근접,1
좋아다,1
오렌지,1
깨끗하니,1
괜찮아졌구요,1
설쳤네요,1
이뿌고,1
루트,1
계란빵,1
연박,1
중점,1
조건,1
충족,1
읺았,1
안타까웠네요,1
세부,1
한빛,1
하자,1
아니고요,1
구용,1
오붓하게,1
착했습니다,1
꿀맛,1
아쉬었던,1
은허,1
고군산군도,1
쾌적하고시야가,1
도심지,1
가깝고잘,1
여하튼,1
유과,1
입니다안,1
인터넷,1
있도록,1
용할수있,1
건조하긴,1
토박이,1
좀있고,1
행복했어요,1
따끈따끈하고,1
얼씬,1
어어,1
굳구,1
괜찮았고잘,1
입니다여,1
행전,1
저렴했어요,1
라크,1
없었을거,1
폭우,1
있긴하지만,1
스프레이,1
짬뽕,1
스노우,1
필요해서,1
만족감,1
깔끔함,1
서평,1
참새,1
만금,1
픽업,1
있었던,1
한적해요,1
애매했지만,1
해양,1
사소한거하나까지,1
분진,1
라가,1
다세,1
옆쪽,1
좋아하실듯이,1
권해,1
우수해서,1
없을수도,1
약했,1
따뜻하여아주잘,1
짧게,1
있을수도,1
미끄럽다고,1
았습,1
없이잘,1
비올,1
치기,1
싯샷,1
고요했어요,1
춘향제,1
친절하였으며,1
쉬러,1
일생,1
기면,1
충분하게,1
방자,1
방기,1
조명등,1
있었고요,1
필요한대로,1
배고파서,1
일렬,1
심함,1
편리함세,1
너그런지전주,1
친절하셨구,1
선배,1
시끄러운데,1
예식장,1
훌륭함,1
우산,1
라운지,1
작은거,1
따뜻했답니다,1
개미,1
낮았음에도,1
기대했던것보다,1
그을음,1
아름답습니다,1
그런지운,1
날찌,1
창틀,1
일부분,1
보이지,1
재미있었네요,1
안내서,1
급보,1
휠씬,1
거더,1
불편해서,1
어마어마합니다,1
명소,1
살살,1
이동해,1
야해서이,1
고차,1
배줌,1
이통,1
트린트먼트,1
이부자리,1
안좋았어서,1
식혜,1
얼핏,1
그늘,1
실행,1
면연,1
수라,1
상우,1
박해도,1
돈거,1
지나,1
용할려고,1
의류,1
맨끝방,1
앞마당,1
평방,1
파노라마,1
가면무,1
딱한,1
건재,1
난관,1
이상한,1
운딩후,1
왕왕,1
튀어,1
넓은것,1
여사,1
가능하니다음,1
금일,1
자유롭게,1
무더울,1
좋다고는,1
국화,1
차등,1
맛있어,1
교육장,1
류및,1
음객,1
응왜,1
백두대간,1
가체,1
과학,1
딱이네요,1
어린이,1
쌍성,1
토성,1
목성,1
용하여,1
있긴있었지만,1
딱좋으네요,1
비싸긴하지만,1
가까웠고,1
아스,1
야만,1
리그,1
박스,1
좁을듯,1
박만,1
직관,1
차단기,1
역주행,1
애매한,1
통행,1
피로해서,1
좋아할것,1
즐거워하여,1
그랬는지,1
아무런,1
불가능해,1
무덥거나,1
적당했어요,1
체고,1
이쁜한,1
잠금장치,1
전전,1
필요한것이,1
도록,1
이뻐서,1
마당,1
토퍼,1
입니다시내에서,1
장문,1
번예,1
뜨끈하고,1
덥긴,1
시원한것,1
아랫목,1
고요하게,1
맛있었다고,1
같아아이와,1
깔끔하였으며,1
높음,1
조항,1
비슷해요,1
일방,1
장가,1
로리뷰,1
네스프레소,1
다를,1
없더라고요,1
위주,1
일전,1
쌀쌀해진,1
불가능할,1
어려웠어요,1
부쩍,1
심하지,1
외풍,1
실패해서못,1
안되는것안내는,1
이뻤고,1
같은것이,1
가능하다면,1
필요하지,1
맛있네요,1
과학관,1
빈약함,1
수월했고,1
약하네요,1
전시관,1
로크,1
깔끔했구,1
좀있음,1
수질,1
퀄러티,1
정갈히,1
텁텁,1
있는데이보다,1
실시간,1
양반,1
피곤했는데,1
훌륭하고,1
상당하더라구요,1
드립,1
웅장,1
저렴하다니,1
무고,1
유명한지,1
좋아하지,1
편하게있을수있었답니다,1
좋던,1
이제야,1
지물,1
남한,1
배수관,1
냉동,1
을짐,1
오리,1
안좋아요,1
착하면다음에도,1
가내,1
더하기,1
입니다다시전주,1
홀릭이,1
원예,1
대략,1
서남,1
설치는,1
건시,1
다르겠지만,1
멋있게잘,1
고금,1
개개인,1
시숙,1
박해,1
순대집,1
좀오래,1
과잉,1
이쯤,1
따뜻해서아이가잘,1
깨끗하나,1
육박,1
심심한,1
더랬,1
발걸음,1
베드룸,1
효도,1
카바,1
엄청난게,1
미술,1
우선주,1
실망했었는데,1
필요하실,1
운날,1
아니구요,1
있을수있는거,1
만족스러웠답니다,1
똑같았아요,1
길게,1
시골,1
탕제,1
추어,1
비갑,1
가깝더라고요,1
날퇴,1
실해서한,1
적정하고,1
새집,1
가까운한,1
순환,1
쾌적할,1
선선해져서,1
양조,1
휴지통,1
같아도,1
위경,1
솔직히,1
구두주걱,1
하얀색,1
변쪽,1
거름,1
뿌듯했어요,1
삐끗,1
다니셨다고하더라고요,1
친절하시고주신,1
날재,1
뻔했네요,1
필요하진,1
셋탑,1
따뜻해지는,1
건조함이있긴,1
소프트웨어,1
아포가토,1
업데이트,1
안타깝네요,1
단넷,1
퐁당,1
메뉴인,1
없었던거,1
일환,1
스위치,1
흡사합니다,1
없었,1
원주고,1
기대하,1
유명하기,1
깔끔히고,1
다지리,1
뷰방,1
좋앗구요,1
오래되었는데,1
작으면,1
소독약,1
블로그,1
당연히못,1
전기,1
예쁘게나,1
조리,1
기기,1
안되고과,1
소화기,1
깨근,1
원룸,1
원형,1
상하,1
정갈하고아주,1
맛있었다,1
안좋은걸,1
아닌것,1
산보,1
강의,1
안되더군요,1
외부모,1
있다니,1
격포쪽,1
앞바다,1
인증샷,1
용하신다고,1
나남,1
답답하고,1
무대,1
적합합니다,1
어둑어둑해서,1
괜찬,1
괜챦아요저는,1
분말,1
산뷰임,1
가모,1
일수,1
살기,1
있겠다는,1
데제,1
상소,1
용했었는데,1
도중,1
온화한,1
마인드,1
건조해서자,1
불편했었지만,1
수월했습니다,1
따뜻하,1
고통,1
저자,1
지층,1
치맥,1
플레인,1
섬세함이,1
가미,1
쌀국수,1
윗방,1
깔끔했다면,1
완벽했을텐데,1
추진,1
낡았다고,1
면강,1
용했네,1
해수욕,1
분명한듯,1
얕아서,1
영유,1
아담하긴한데,1
좋은가,1
이뻤는데,1
로스,1
좋았던건,1
올인,1
클루,1
시브,1
청결한것도,1
따뜻한게,1
단단한,1
바사,1
변한,1
답답한게,1
저렴합니다,1
많다,1
있고가,1
좋내요,1
설악,1
가루,1
경포,1
더후,1
지게,1
있기엔,1
차분함이,1
아닌듯,1
괜찮을것,1
과방,1
취침,1
등위,1
시대,1
민감한,1
뻔하기도,1
후반,1
다애,1
패딩,1
답변,1
약하게나와,1
는또,1
높아서요,1
있어야되,1
도전,1
아니면진,1
요정,1
걱정스러웠는데,1
쿨하게,1
없이다,1
직후,1
대단히,1
정신,1
휴일,1
하나로,1
구사,1
바구니,1
발등,1
순이,1
왕뚜껑,1
도시락,1
김갯잎등,1
미역,1
우측,1
승강기,1
만족했음,1
등애,1
음침하지,1
금강,1
려니,1
오래된데라,1
척척,1
지정,1
위방,1
따뜻하고하나,1
비슷하거나,1
든든하게잘,1
가능할것,1
금물,1
좋아했고,1
묵자,1
자쿠,1
식욕,1
꼬맹이,1
프라임,1
친절하시고다만,1
소규모,1
산산,1
많더라고요,1
상냥하세요,1
고우리,1
각침,1
저렴히잘,1
오구,1
인하,1
사징,1
옛날,1
이입,1
몰리,1
야하나하다가,1
아쉽게,1
번성,1
손맛,1
있거나,1
괜찮앗습니다,1
고작,1
피고,1
옆면,1
입니다수건,1
에스프레소,1
박하고,1
방인,1
월풀,1
좋고다음에도,1
더위,1
좋고히,1
대위,1
매끄럽습니다,1
만족스러웠,1
행운,1
용이하지는,1
행복하게,1
기존,1
작아,1
특이했음,1
갸족,1
적절하고,1
변화,1
용하지,1
어둡지만,1
입니다아니,1
가능하다고하더라구요,1
완벽했,1
없었으며,1
시온,1
비성,1
차델,1
투어,1
독채룸온,1
자서,1
편차,1
필요할듯,1
데크,1
다모,1
이조식,1
불꽃,1
도애,1
넉넉하게퍼주시고,1
데왜,1
손길,1
좀나는,1
가배,1
인욕,1
환해서,1
어마어마한,1
환성,1
백만원,1
있겠습니까,1
만족하고오셨어요,1
수산시장,1
모질,1
예뻤고,1
있고지인들,1
클레,1
훌륭하고요,1
더있다가도,1
좋고아이가,1
고꽤,1
있던것,1
좋아했아요,1
근사하게잘,1
방위,1
적당히거리,1
오덕,1
꽁꽁,1
콘돔,1
편하다고,1
어지간하면,1
약해야겠습니다,1
도예,1
있던데전주,1
훌륭해서아주,1
소란,1
많은건,1
투썸맘터,1
힘들것,1
개이득,1
자재,1
좋아해서잘,1
게뭐,1
스프링,1
미스,1
친절하게답,1
도보이,1
방조제,1
달거리,1
피시,1
단배,1
있으셨는지,1
존재,1
불쾌했습니다,1
택지,1
병환,1
두시,1
룸바,1
불편함이있었습니다,1
좋았습니다만,1
불쾌하고,1
조개찜,1
비위,1
죽등,1
무심하게,1
평보,1
따뜻해지면,1
밀물,1
썰물,1
설날,1
저렴하게구,1
설계,1
애정,1
해안로,1
붕가붕가,1
산업,1
그럴지도,1
약했던것,1
만사,1
용하시는데,1
고목,1
받침,1
담당,1
활기차게,1
덩달아,1
일층,1
좋아했네요,1
도치,1
있으,1
자로,1
근무,1
헬스,1
시국,1
재시,1
새해,1
눈길,1
는재,1
충분히있어요,1
착해도,1
다현,1
이스,1
지다,1
많지도,1
만족하게잘,1
힘들게,1
아니지,1
제너,1
세련되지는,1
있거여,1
좋고시내랑,1
연적,1
없다는건,1
만족스러웠으며,1
꿀팁,1
슈가,1
개릉,1
옆협탁위,1
깨끗하고인,1
원추,1
고어,1
소도,1
웬만한건,1
가깝지만,1
작았지만,1
자세,1
렌징폼빗,1
보조장,1
상관없었구요,1
없는것말고는,1
약했던거라,1
저력,1
같네,1
더럽거나,1
그런건,1
찝찝했지만,1
지지,1
평수,1
도벽,1
헤어,1
없다리,1
좋겠다,1
죄송,1
인심,1
무방,1
거말곤,1
똑같았어요,1
유수풀,1
넓으면서,1
실외,1
도오,1
파도풀,1
갑작스런전주,1
멋져,1
슬라이드,1
있습니다만,1
탑승,1
총평,1
손좀,1
의치,1
아니구,1
체제,1
수온,1
데바,1
딱이에,1
넓고이,1
대개,1
동해,1
해로가게,1
진보,1
가회,1
거쫌,1
장관,1
업로드,1
원도,1
편하지만이,1
있기는하지만,1
귀찮을,1
편밖,1
부족한데,1
역도,1
돌이,1
제어,1
어보,1
그동안,1
그땐,1
타소,1
다실,1
던데,1
갯수,1
뷰은,1
무선,1
옛스럽지만,1
급히가게,1
정갈함,1
차가있다면,1
은기,1
간단한거는,1
왕창,1
스텝,1
려면,1
친절하였고,1
시원,1
숫자,1
이필,1
면피,1
친절하신것,1
인정,1
안되구요,1
큼지막한,1
기대하시면,1
콩고기,1
베이컨,1
충분했었습니다,1
오래되었으니,1
깨끗하다고야,1
전형,1
작지,1
장하는데,1
케어,1
그랬네요,1
좌측,1
스킨,1
중복,1
순번,1
기표,1
넉넉하게있었어요,1
지체,1
느리게,1
쾌적해용,1
딱좋았답니다,1
청결함,1
높게하여,1
꼼꼼하게,1
입성,1
만족하면,1
중요한것은,1
터치,1
굿앤굿,1
맘스,1
불변,1
비싸지,1
고창,1
부디,1
이속,1
후런,1
걱정거리,1
넓게있는것,1
외침,1
아닐텐데,1
용하다,1
민하,1
푹신했던,1
따뜻해요,1
요크,1
좋았어서,1
쾌적했고요,1
친절하시고요,1
어둑한,1
거가,1
길어서,1
롱롱패딩,1
도서관,1
가까운것,1
박하게,1
미지,1
덥다고,1
키도,1
원목,1
재질,1
약하며전주,1
불편했는데,1
있던어,1
이런건,1
전화했더니,1
그럴,1
없다고하셨고다시,1
흔쾌히,1
무심해서잘,1
편할것,1
리더,1
박할,1
있었는,1
기대하였는데,1
안락하게,1
좋야요,1
청결함과,1
편해서아내가,1
좋아하더군요,1
민중,1
사업,1
밀집,1
상도로,1
있는지는,1
나발,1
차가길,1
장진,1
환하게,1
있었는데도,1
밖길,1
안되긴,1
집밖,1
어번,1
피곤하지가,1
뽀송뽀송하며,1
대머리,1
별실,1
동행인,1
있더라도,1
동시,1
용할수있을,1
깨끗하다는,1
이듭,1
설비,1
청과,1
유공,1
좀협소함,1
깔끔함이,1
연상,1
대역,1
사거리,1
차출,1
장보,1
박했습니다,1
군더더기,1
아니어서,1
오밀조밀,1
애니,1
세무서,1
잔잔히,1
깔끔했,1
주네,1
라우,1
면모,1
푹신해,1
실망했지만,1
때물,1
임현,1
이잠,1
그런게,1
필요한건,1
사면,1
심리,1
방해,1
용하기도,1
용하기에는,1
패스트푸드,1
용하려,1
따뜻했으면,1
좋겠더라구요,1
노천,1
프론,1
아늑하다,1
중국산,1
화질,1
빠르다,1
있고구,1
작업중,1
완성,1
일옥,1
친절했으며,1
시마,1
서일,1
이공사,1
어수선해서,1
넓지도,1
좁지도,1
넓고수,1
품질,1
이진,1
있어이,1
멀어서,1
프런,1
마스크,1
피부,1
진정한,1
분주함에서,1
편안한수면을,1
개운하게,1
블라인드,1
로라,1
눈부셔요,1
만족했습니다만,1
더웠습니다,1
오징어,1
없었구,1
는좀,1
불편했어용,1
조용히있으면,1
진출,1
좀안,1
양도,1
각하,1
좋아하는데,1
온갖,1
난동,1
피곤했어요,1
재밌었습니다,1
조선,1
맛있더라고요,1
많으니깐,1
불편해요,1
칠분,1
포차,1
도다리,1
세꼬시,1
요뼈,1
신설,1
귀여운,1
요사,1
자덕,1
연어,1
무한리필,1
재미있어,1
푹신했습니다,1
기웃,1
기웃해도,1
이랬습니다,1
반전,1
적당히있어서,1
가능하구요,1
양치질,1
키기,1
모진,1
움직,1
아기자기하고,1
수입,1
좋거든요,1
지금껏,1
재미있네요,1
가득합니다,1
묶인,1
나쵸,1
깔끔하고네,1
분전,1
다지,1
독특한,1
재밌었어요,1
인두,1
맛있음,1
오오오오오,1
행복,1
소풍,1
드래곤볼,1
편한의,1
사진기,1
좋아하실만,1
안되는게,1
천지,1
지네,1
삑삑,1
이소리,1
박하였습니다,1
안전하게,1
전주동물원,1
쉬었다,1
더울때,1
플레이스테이션,1
도일,1
필요한세면,1
있는거는거의,1
찝찝하지안아,1
안함,1
만원,1
똑같아고하,1
심하지만,1
나쁘지안음,1
거짓,1
대폭,1
요긴,1
친후,1
레이싱게임,1
꼭두,1
태시,1
직하고,1
전북현대,1
개막전,1
귀여워,1
자칫,1
나기,1
게임방,1
맛있는안주,1
쨍한노랭,1
아기자기,1
영사,1
진아,1
에아,1
있을듯,1
방전,1
유닉스,1
기선,1
찝찝했는데,1
뽀송,1
짱짱하니,1
저렴한데이,1
급호탤,1
마음껏,1
더가고싶은,1
프롬,1
포터,1
안락한의,1
자침,1
표현,1
비참,1
아늑했습니다,1
편함이,1
좋아했습니다,1
있구,1
완벽하지,1
주도,1
해봣,1
가난,1
꽂개,1
던거,1
는데꽃,1
피지,1
아쉬웠,1
어유,1
실만,1
상투,1
개구리,1
넓은거에,1
가수영,1
내시,1
동문,1
인하러,1
구체,1
인하세요,1
방쪽,1
불판,1
재료,1
담외,1
쓰레기통,1
파니,1
램덤방,1
꽁초,1
최고다,1
거미,1
번전,1
인식,1
원해요,1
안남,1
많으면,1
신조,1
간만,1
폭신,1
전주원,1
생신,1
좋아하셔서,1
민감한데,1
찻길,1
따뜻해서다,1
죄송하고,1
부족한게,1
글구,1
스파이,1
신기했답니다,1
인렌덤,1
평형,1
푹잠,1
넓은데,1
있는듯,1
레인,1
전등,1
미흡,1
친정,1
편했네요,1
화사,1
좀벌레,1
한별,1
찝찝해서다,1
한적하니,1
유툽,1
깨끗하기도,1
따뜻하던지,1
땐러,1
고관,1
법령,1
주지,1
조개,1
착했지만,1
탄탄해서,1
그리마,1
딱히안하는,1
채석장,1
무주리조트,1
적병,1
은발,1
점외,1
규제,1
좋고지하,1
훌륭하네요,1
바지락,1
다욕,1
조물,1
트렁크,1
간소,1
때앱,1
전해,1
고항,1
다스키,1
컬리,1
아쉬웠는데다,1
놀라웠답니다,1
실망했네요,1
적하,1
안되있었어요,1
음식물,1
거주,1
깔끔하고리,1
깔끔했음,1
스키,1
서문,1
부엌,1
고안,1
서핑,1
엄청나게,1
시숯토치등,1
이용권,1
손색,1
깨끗해서아이랑,1
인룸,1
및복층,1
의침,1
상쇄,1
괜찮긴,1
공통,1
가집,1
깔끔하며난,1
워시등,1
바베큐그릴,1
못지않게,1
쾌적하네요,1
없도록,1
인셉션,1
날짜,1
친절합니다가,1
부족해요,1
빈약하고,1
부실해요,1
떡국,1
라남,1
편리,1
즐거운전주,1
깔끔한것이,1
옥펜션,1
낫다,1
아쉬웠네요,1
가깝고가는,1
객키,1
괜찮아,1
니전,1
고무줄,1
잔뜩,1
밤늦게도,1
없어세,1
보고서,1
악했어요,1
무심한것,1
룸메,1
박하고있는데다,1
다빈,1
입니다주,1
불편했지만,1
초행,1
깔끔하고잘,1
고요한,1
만족스러우나,1
지오,1
안되어서,1
서도,1
셧습,1
편히사,1
실망하지,1
유튭,1
등심,1
심할,1
겨를,1
직했어요,1
근래,1
편한히,1
다행히하나,1
강해요,1
아픔,1
불미,1
대처,1
이심,1
착하더라도,1
엔키,1
저녁때,1
조용했구요,1
제조,1
모서리,1
가락,1
가쉽,1
가능하기,1
기록,1
동영상,1
떡볶이,1
있어러,1
좋아오,1
만족했고다음,1
진짜진짜,1
보스,1
없을만큼,1
제도,1
휴대폰,1
용했네요,1
푹신함이어서,1
대학로,1
볼링,1
프프프,1
가닥,1
대덕,1
바쁘다,1
만족스러웠으니까,1
청결하고밖에,1
성하게만,1
한눈,1
고열,1
작은세,1
심함이,1
편안하게만,1
도루,1
깨뜻,1
요덕,1
대견한,1
좋어요,1
대학가,1
어림,1
예쁘거,1
신상숙,1
소로,1
타지,1
친절하셨고요,1
전동,1
무려,1
클리어,1
힘들다는,1
있는데요,1
덕진,1
덩이,1
해상도,1
선명해서,1
나하,1
부지,1
답답하게,1
새로지은지,1
로룸,1
감히,1
근교,1
볼등,1
자몽,1
있는바,1
먹음,1
벽간,1
예민한사람,1
외각,1
같지만이,1
한연,1
재의,1
김천,1
덤벨,1
도방,1
똑같고이,1
많았거든요,1
따뜻하지,1
같은게나,1
하드,1
잘맞았고,1
무덥지도,1
손씻기,1
가드,1
빵집,1
주얼,1
길건,1
사전예약,1
터키,1
바드,1
강해,1
비호,1
편하겠더라고요,1
머뭄,1
불편한게,1
병과,1
가문,1
가추,1
사이클,1
아쉽다,1
없어시,1
불편했다,1
간격,1
마스,1
없다는거,1
러스터,1
첫끼,1
디너,1
없고잘,1
깊습니다,1
똑같아요,1
용했다,1
깨끗했다,1
편리했다,1
인하는것을,1
이부,1
넉넉했고,1
많아서도,1
절하,1
우수,1
정이,1
훌륭,1
다라,1
와트,1
편리했고,1
이기대,1
고급스런,1
사진촬영,1
특별히,1
지배인,1
도경,1
를표,1
불쾌한,1
살아생전,1
높다는게,1
카페인,1
멀지는,1
마크,1
안전함,1
친절하고우,1
연한,1
언덕,1
훌륭했으며,1
적함,1
있었으며,1
적당하게,1
편하게수면을,1
굿굿굿,1
이쁘게,1
도잠,1
요구,1
머해,1
수산물,1
개관,1
만족했는데,1
월화,1
없으며,1
조용한가,1
안되니아래,1
등산,1
오해,1
딱좋음,1
굿뷰,1
중요시,1
가잔,1
외경,1
제격,1
우이,1
편했,1
꽃술,1
이렇다,1
친절함은,1
문제점,1
반대,1
멀하는지,1
결혼,1
테러,1
친절해,1
편했어오,1
끗햐,1
홈플러스,1
청결한것,1
가세,1
오우,1
밑방,1
괜차,1
괜찮았고전주한,1
착해요,1
인위,1
초코파이,1
회원,1
단뷰,1
기대하시기,1
당근,1
찌집,1
불편합니다,1
있어서도,1
힘든데,1
불고기,1
딱한두,1
어슴푸레하게다,1
점주,1
대란,1
대로사,1
있고거울도,1
만화,1
식음,1
스토어,1
보지,1
고기구,1
다양한데,1
웨이,1
스트레칭,1
존이있어서,1
반납,1
힘든전주한,1
고모,1
유모차,1
멋졌던전주라,1
대중,1
길었던게,1
가능하게해,1
평전,1
주한,1
급작,1
스레,1
통틀어,1
환갑,1
기녀,1
있겠죠,1
딜통,1
기와,1
만담,1
유명한라,1
한라,1
서간,1
예쁘지,1
있었던거,1
좋았던거,1
괜찮았구요,1
확실히전주한,1
아니었지만,1
넓다란,1
과바,1
르러,1
운곳,1
세시,1
대감,1
구석구석,1
맑고아주,1
자두,1
다릅니다,1
있어자,1
전차,1
가로,1
아쉽지는,1
조그마한,1
다르다,1
만족스러웠고요,1
다른것은,1
민적,1
미흡했습니다,1
놀라웠네요,1
입니다전주한,1
트먼트바디클렌,1
아픈아내가,1
심해서자면,1
어깨,1
아팠어요,1
높게하고자는,1
상관없지만,1
일행,1
놀랬고,1
맛있는것도,1
임도,1
부족하지,1
캠프,1
오원,1
존맛,1
편히있다,1
있고한,1
호캉스,1
건전,1
영수증,1
수의,1
객리단,1
인과,1
깨끗하여,1
써비,1
친절하신게,1
미제,1
공공,1
박해서,1
시트,1
좀까,1
저렴하게잘,1
좋고잘,1
이편,1
보장,1
디저트,1
좀있기,1
흐름,1
영향,1
층밑,1
낑겨,1
좋다실내는,1
평범하고,1
위시,1
좋으세요,1
그랬고,1
당일치기,1
가라,1
야했던게,1
꽃놀이,1
소소,1
이후,1
모니카,1
쉐이크,1
실하고,1
좋다는데,1
깔끔하고수건,1
이나,1
기공,1
넉넉하고한,1
입출,1
퇴실날,1
관조,1
모니터,1
분위,1
시내버스,1
강한,1
상쾌하게,1
있었답니다,1
비싸게,1
저렴하더라구요,1
심합니다,1
대고,1
난리,1
만족하였으나,1
임전,1
주역,1
충분하며,1
인후,1
완벽했어요,1
그랬음,1
진행형,1
밥그릇,1
뽀송하게,1
냄비,1
용할수,1
빨라요,1
애견,1
가능한지,1
장해,1
가능도,1
로비오,1
뽀송뽀송하게,1
만족스러웠으나,1
고저,1
무오,1
당시,1
친절하고전주여,1
바짝,1
말라있었어요,1
안된다고,1
안좋았,1
느림,1
좋았고이,1
또새,1
좋게만,1
우정,1
본시,1
용할까,1
야하는데,1
예매,1
게스,1
가원,1
오피스텔,1
할리우드,1
댓글,1
있는대로,1
약하긴해,1
좋았어오,1
있었던것,1
보송한,1
필요해요,1
김밥,1
웬만하면,1
청결하고아주,1
뜨뜻한,1
탁월한,1
안될,1
덥고건,1
넉넉히수건,1
차편,1
에어비앤비,1
옥집,1
비슷한데,1
테이크아웃,1
용할게,1
널찍해,1
깔끔해서다시,1
미도,1
귀엽습니다,1
맛있구,1
편하게있다,1
풍부하거,1
과물등,1
귀여,1
이도,1
깨끗하거,1
짐보,1
가능해서두,1
기수,1
찝찝하지,1
결과,1
빈센트,1
아이스티,1
가능한데,1
말슴,1
면오,1
좋지만,1
순해요,1
티맥,1
잠귀,1
사구,1
예민하지,1
풍남문,1
완산,1
꽃동산,1
뭉치,1
다이슨,1
빗등,1
말았습,1
완주,1
보구,1
시아,1
쫌애,1
쵸코파이,1
가마솥,1
영상,1
밥맛,1
행담번,1
인하구,1
향기로,1
착했음에도,1
깨끗하고시,1
설침,1
착하는,1
근접해있어서,1
스타트,1
행복한전주,1
때향,1
친절한안내와,1
조랬어요,1
메타,1
괜찮다고,1
연결해서,1
슬라이딩,1
특이한,1
힌것,1
아니었을까,1
탑차,1
당하는,1
무지,1
접대,1
안좋을듯,1
또또,1
은은한,1
좋더라고요,1
화면,1
처남,1
다중,1
아니긴,1
용하시면,1
만족하고가요,1
매너티,1
시끄럽길래,1
벽두,1
통로,1
입니대,1
포기,1
박하게되,1
적용,1
편리하게사,1
가능하며,1
문과,1
빵등,1
익산역,1
안되더라고요,1
장면,1
가과,1
명불허전,1
멋있습니다,1
용해서인지는,1
늑감,1
더말,1
봄날,1
꾸준하게있으면,1
야한다고,1
전신,1
치도,1
한스,1
열두시,1
서양,1
안되는거말곤,1
깨끗함과,1
편안한며,1
단아,1
항공사,1
일등석,1
스튜디어스,1
더격,1
코고,1
리복,1
하얀,1
깔끔하게하셔,1
조용하고야,1
편리하실거,1
착하기,1
정식,1
용하는데전혀,1
삽겹살,1
과목,1
없다는것,1
이굴,1
모양,1
안길,1
입니다진,1
심강,1
윈터,1
피카츄,1
기린,1
가전체,1
오래되긴,1
후라이팬,1
좋는,1
안되어있었고,1
좋았지,1
뻘뻘,1
기차,1
따뜻해,1
치즈,1
천안,1
좋으시고,1
시끄러울듯,1
도취,1
간단하면서,1
동물,1
로타,1
미관,1
산소,1
쉬웠고,1
괜춘괜,1
이슈,1
트옆,1
많고안에서,1
아름다웠다,1
곳담번,1
집도,1
멋지구,1
공수,1
해안,1
애교,1
미묘,1
고양이,1
더더,1
방아,1
진도,1
어도,1
충분함,1
약한데,1
만합,1
상쾌합니다,1
들놀이,1
항구,1
청결해,1
소소하게,1
집강추,1
가능합니,1
오거,1
때안,1
좋고아주,1
코너링,1
기둥,1
도열,1
헷갈려서,1
쪽방,1
좀해,1
냉온,1
전환,1
청결했지만,1
주온,1
박하는데에,1
놀라웠던게,1
확대,1
따뜻해졌고,1
시원해서,1
여니,1
심히,1
깔끔하니잘,1
중심부,1
만족하며,1
헐거워잘,1
안되는데,1
습했는데,1
시계,1
단복,1
거북했고,1
볼거,1
진동,1
심해서,1
설쳤어요,1
넓운,1
임원,1
결하,1
확보,1
좋을것으로,1
새로히리,1
급메,1
불가능하겠지만,1
추세,1
현관,1
공청기,1
냉장,1
러닝머신,1
있었어용,1
후짐,1
가물,1
어떤게,1
옥상정원,1
어려운데,1
부천고,1
널찍해서,1
박했어요,1
전라북도,1
신상,1
청정,1
장할수있는,1
투메,1
고마운,1
높았습니다,1
입실전에,1
재정,1
의전,1
가깝고실내,1
문소리,1
나제,1
사안,1
플라스틱,1
아름답다라는,1
가깝다,1
아름답다,1
가까운데,1
안타까운,1
용할수있다는,1
불편하다는,1
편안했네요,1
고약,1
단품,1
불해,1
효율,1
깊고,1
맛있다고,1
좋아어요,1
정겨운,1
아름다운우리,1
나이트,1
웨딩,1
예뻐요,1
이쁘고야,1
컨벤션,1
쌍화탕,1
스카프,1
산듯,1
편백나무,1
편백,1
치트,1
고컬,1
땐꼭,1
높고잘,1
깔끔하구요,1
최상인,1
다용,1
더기,1
빈대,1
진드기,1
난히여서,1
고갈,1
헷갈리게,1
빙빙,1
도외,1
출전,1
맑아서,1
필요한것,1
면꽃심,1
멋졌어요,1
주요,1
유용하게사,1
에프킬라,1
스시,1
퇴실후,1
이쁘구,1
방음벽,1
같았고지하,1
불편하긴하지만,1
저렴한데,1
플러그,1
공유,1
특색,1
맛있게아니,1
용간,1
밤일,1
미끄러워지니,1
승격,1
플랫,1
친절함음,1
파리,1
강뒤,1
리심,1
한파,1
폭설,1
닥폭닥,1
건조할,1
시원했고,1
교도,1
산토리,1
야했고,1
축축한수건,1
바킹,1
별개,1
편리한데거긴,1
친절한데,1
불친절함,1
카카오,1
장실,1
편하구,1
약할구,1
같지는,1
친절했고이,1
불과,1
개요,1
변쪽룸,1
건조해서,1
자구,1
트러스,1
웨리,1
학동,1
넓진,1
자리는있었어요,1
가까웠었는데,1
촤락,1
나청,1
연루,1
친절하구,1
가까운것도,1
남천교,1
굿재,1
경보기,1
안도,1
시끄러웠고수건,1
미끄러우니,1
예쁠것,1
불어,1
서위,1
지붕,1
리진,1
못햇,1
온천,1
방지,1
심각했어요,1
거대한,1
끼익익,1
환장할,1
면잠,1
빠르,1
피곤한,1
과묵,1
요팬션,1
용하시는,1
헤헤,1
섳치,1
바지,1
해입,1
같다하셨어요,1
꼼꼼히,1
아니었나,1
보송해서,1
장수,1
버섯,1
전골,1
안건,1
친절하다고,1
제발,1
자모,1
도적,1
불편했,1
편청,1
중상,1
조그마함,1
답답,1
중이,1
면조,1
뻔공청,1
미지근해,1
유쾌하신,1
꼬마,1
해주,1
시원합니다,1
정갈해서,1
과용,1
샘플,1
느려서,1
이점,1
단침,1
작다는,1
날옷,1
사용자,1
약하긴한데,1
부드럽다는,1
브렌,1
문추,1
천하오,1
안되면,1
만족했구요,1
주저,1
공청등,1
추이,1
입니다리,1
싫어하는데,1
아니여서,1
아픕니다,1
저렴하면서도,1
깨끗하면서,1
가전제품,1
양하게있어,1
부족하면,1
좋었습니다,1
계셨고,1
멀었지만,1
많나,1
만족합니당,1
펑펑,1
어어어어,1
주전부리,1
거저,1
거사,1
어두워서,1
그다음,1
상관없이,1
안된다싶은,1
완벽하게만,1
완젼,1
없는고,1
같아용,1
입니다오,1
방임,1
여전하고,1
입니다잘,1
궁금하기도,1
미군,1
데뭐,1
완료,1
입니다다만,1
들소리,1
짜장면,1
랑방,1
장터,1
계셨어요,1
콜키,1
빠르게,1
가까우면서도,1
디즈니,1
감탄,1
가득해서,1
필요하다면,1
새로지,1
어진,1
높진,1
안락함이,1
개폐,1
세미나,1
참석,1
심각하게,1
얇은,1
제것,1
그런데요,1
깨끗하여다,1
백일,1
친절함의,1
끝판,1
경감,1
상추,1
설침구,1
간단하게이,1
이재,1
두텁더라구요,1
가로수,1
딱히전주를,1
설레는,1
점집,1
없냐고,1
기지,1
회용,1
제돈,1
용병,1
어요,1
가취,1
좋아다음에도,1
유명하여,1
이인관,1
로조,1
좋진,1
입니다하지만,1
상관없어요,1
화려한,1
헬스시설별루,1
바스,1
공동,1
있는것과,1
좋을수도,1
조경,1
최저,1
즉흥,1
미흡했던,1
반해,1
있더군요,1
성도,1
요인,1
손쉽,1
햇습니,1
남해,1
한가했어요,1
괜찮았는데다,1
청결했고,1
이상합니다가,1
개발,1
렌터카,1
건조합니다,1
월명,1
인경,1
우도,1
야채,1
신선했지만,1
사과,1
특이했는데,1
분만,1
계셔서,1
착하신,1
카나,1
롯데,1
렌트,1
애매하고,1
가능할거,1
규정,1
반입,1
가능하다고하니,1
평시,1
골동,1
우두커니,1
용합니,1
언니,1
만족스럽다고,1
적합했어요,1
애매합니다,1
어두워,1
고건,1
훈훈했습니다,1
압구,1
흐믓,1
탈수,1
중요하다,1
충분하다고,1
럭키,1
한자리,1
획득,1
인하려니,1
신지,1
완죤,1
둥글게,1
버거,1
육전,1
들보,1
미터,1
돌다리,1
콘푸레이트,1
나이스,1
딱좋구,1
미처,1
박수,1
도통,1
잔해,1
쓰시,1
까다롭,1
강하면,1
넉함,1
평온함이잘,1
맞춤,1
그네,1
약하였는데,1
자쳬,1
알맞는,1
환경문제,1
먼것,1
배경,1
낮도,1
예뻤던,1
목조,1
특유,1
습하거나,1
요왕,1
신안,1
급하게전주로,1
목적지,1
원하던니,1
사람과,1
한실,1
그러지,1
습하지,1
장편,1
애매했어요,1
고위,1
치한,1
징검,1
이애,1
빙기,1
부족하다고,1
야하다는,1
시끄러운,1
설첫,1
장의,1
액자,1
착하려,1
넓구요,1
필요한것도,1
신부,1
채도,1
편안한전주,1
좋앗어,1
용히히히,1
개조,1
용불,1
좋았요,1
가온,1
맑은,1
토스터,1
작게,1
가열,1
망치,1
시끄러워,1
퇴실때,1
덥다가,1
친절하신지,1
매너,1
많았는지,1
밤늦은,1
용하고싶습니다,1
오브,1
베스,1
어닝,1
번하세요,1
모말,1
안좋았는데,1
정확하게,1
억지,1
좋아담,1
따뜻함이,1
만남,1
맘속,1
딱여기에,1
마법,1
같다는,1
야룸,1
한몫,1
좋있습니다,1
깜박,1
쉬운,1
좋았고전주에,1
만족하실꺼예요,1
시또,1
애매한거,1
트립홀릭,1
토일,1
단풍,1
도신,1
취하,1
부러운,1
소재,1
뭐좀,1
아니더라도,1
너무해서,1
몇일,1
때전,1
유치,1
전주천,1
박하,1
룸써비스,1
아닌데도,1
일찍이,1
서호,1
쌀쌀한듯,1
후끈하게,1
껏음,1
아늑한게,1
고국,1
안되있어서,1
의도,1
오믈렛,1
최적화,1
피곤해서,1
밥무러,1
안됩니당,1
요방,1
중요하다고,1
다비치,1
유용했,1
도약,1
특별할건,1
없어용,1
흔쾌히두,1
조용하고아주,1
서연,1
불필요한,1
일듯,1
안되었는데,1
기대하고,1
무제,1
이렇네요,1
애니메이션,1
좋았겠다는,1
스럽더라구요,1
쉐프,1
불친절하시고,1
없는데요,1
좀꼭,1
없고세,1
스럽습니다,1
이마루,1
컨디셔너핸드솝,1
고정,1
시바,1
있는지라,1
있겠지만,1
오래되었는지,1
가까웠고요,1
가능하게세,1
번거로웠음,1
라텍스,1
깔끔하나,1
오피스,1
세련되,1
이쁠것,1
같았지만,1
뒤편,1
주택가,1
불편할것,1
원하는지,1
있다는걸,1
반짝반짝했구요,1
요게,1
실를,1
딱히아,1
절대로,1
약할것,1
좋고다시가도,1
분하다는,1
선입견,1
추운,1
룸엄청따숩,1
마찬가지,1
외국인,1
인하셨는데,1
멋있어요,1
고트,1
고후,1
훌륭해서이대로,1
덜할것,1
같긴,1
칙칙한,1
음우,1
친절하시고다,1
무안,1
방운,1
차려,1
비싸더라구요,1
기대했는데,1
실망했습니다,1
용하고,1
영등동,1
마룡,1
편하실거에요,1
같았고요,1
니모,1
건조함이있어요,1
불친절하세요,1
답답하다는,1
입니다요,1
뿐이네요,1
좋으셔,1
먀샬,1
닌텐도,1
기바,1
국내외,1
메리어트,1
아코르,1
힐튼,1
식도락,1
작은거하나만,1
조적,1
수러,1
윤건,1
번하면,1
온통,1
적나라,1
신철,1
퓨저,1
안전하고,1
씨유,1
산출,1
연말,1
그간,1
없는것이었는데,1
시끄러워요,1
전방,1
기대했던,1
맛았었,1
안되니,1
입점,1
좁아,1
힘든거말고는다,1
차도,1
발럭파킹,1
용하고이,1
깔끔해서안에서도,1
혁신,1
넓은거로,1
조용해서아주,1
심플,1
며칠,1
알레르기,1
아쉽구,1
더울,1
없는전주,1
중요해서,1
못지않더라구요,1
아해,1
많고한,1
약하길잘,1
힘들지도,1
세면기,1
놀랬습니다,1
용하려구요,1
고급스러워서,1
류관,1
차갑구요,1
만족합니다가,1
딱좋습니다,1
무협,1
류등,1
보송보송하게잘,1
신선한,1
칼국수,1
전문점,1
용하고싶은,1
타일,1
벽줄눈등,1
보강,1
비온뒤,1
안될수있어서,1
라지에이터,1
아로마,1
불편하지는,1
같았네요,1
본격,1
편안,1
한밤,1
표정,1
온거,1
특이,1
여직원,1
해일,1
색톤,1
두운,1
윘습,1
유지관리,1
작앆,1
리도,1
딱이었네요,1
친절하시더군요,1
손세정제,1
그런듯,1
가까운게,1
주차건물,1
장애인,1
이동형,1
프린터,1
우드,1
벤치,1
설탕,1
가각,1
한술,1
스낵,1
나뭇가지,1
시공,1
낮아,1
전결,1
제시,1
없는거리,1
자세한,1
생맥주,1
유원지,1
트럭,1
공연,1
둘러보기,1
가까웠어요,1
아쉬워,1
식완,1
적당하게있어요,1
아쉬웠구요,1
비싸지도,1
약한건데,1
훌륭해요,1
서나,1
정갈하게,1
기고,1
힘들다,1
조용할줄,1
없긴,1
이단,1
도넷,1
있어야,1
코트,1
넓아서,1
끝방,1
요밤,1
스프,1
자해,1
청결하고대,1
고왕,1
보안,1
찰떡,1
수트,1
몇년,1
비싼네,1
임의,1
있었고어느라,1
마다,1
딱좋더라구요,1
비싸도,1
깨끚,1
특별자치도,1
아닌단,1
만족해하셨어요,1
답답할만큼,1
내용,1
입니다진안에,1
톨게이트,1
정전기,1
그런것,1
드라이,1
넉넉히있고,1
중요한데요,1
가볍고,1
말라요,1
용할수있고,1
작긴,1
알때,1
더웠는데,1
유로채널,1
넉넉해,1
공터,1
린넨,1
이숙,1
없죠자,1
인치,1
가작,1
달랐어요,1
약할,1
편했음,1
무덥지,1
넉넉히줘서,1
없었어,1
논산역,1
당연,1
빼빼로데이,1
입니다다,1
고데,1
능거,1
컨디셔너가별루,1
띠뜻,1
많을텐데,1
재미나,1
노오,1
오오오,1
가능하네요,1
좋으시,1
조용하다,1
라그,1
객관,1
식스,1
야하며,1
넥바,1
편하게사,1
진안,1
홍삼,1
허용,1
간밤,1
좋던지,1
없으시겠어요,1
독특하던데,1
진짜꿀,1
부족한것하나,1
사무실,1
깨끗해야하며,1
부족한만큼,1
빼빼로,1
없었어서,1
스러워,1
반오,1
요밖,1
라스,1
좋다는,1
있는한,1
경주,1
친절하,1
소개,1
스러으면서,1
예쁜한,1
더운데,1
알러지,1
편한게,1
가다리,1
괜찮았다한,1
만족하고가는,1
전조등,1
있는걸,1
이구경,1
깨끗하게해,1
있다던데,1
게장,1
있을거예요,1
장사,1
넓지,1
불편하긴해,1
무뚝뚝했지만,1
친절하면,1
차가못,1
썰렁했지만,1
에빗,1
용했,1
부실한듯,1
요룸,1
괜찮앗어요,1
일것,1
복잡하고,1
깨끗하,1
고깔,1
질쉬,1
복대,1
도종,1
일만원,1
작은주자,1
스텐다드트윈,1
친절하고한,1
주자,1
띠듯,1
깉더,1
이름난,1
지불,1
가능하,1
같은건,1
추웠는데,1
소복히와,1
눈온,1
필요없어서,1
딱딱했던것만,1
반년,1
중맘,1
안되어있어서,1
당연히있을줄,1
친절했다,1
벨소리,1
베이커리,1
일류,1
타치,1
귀찮게,1
건조함,1
웨딩드레스,1
구약,1
머금팁,1
부족했는데,1
무서워서,1
서금,1
만족했고요,1
기침,1
별하나,1
다행히내가,1
신혼,1
고급스럽고,1
최거,1
부족합니다,1
덕소,1
괜찮고시,1
부실했고,1
전문학교,1
호털,1
편히있,1
좁은데,1
시유,1
의하시기,1
일도,1
손끼임,1
외박,1
물병,1
기대할,1
외적,1
불리,1
불편하지만,1
는단,1
인했던,1
불친절하였으나,1
직한,1
기대하기,1
심방,1
유실,1
로작,1
보리밥,1
주류,1
나오니,1
없었음,1
주전자,1
카누,1
워셔,1
층수,1
궁금했던시,1
기재,1
시끄러울까봐,1
미닫이문,1
무겁고,1
힘들더라구요,1
변도,1
바삐,1
상쾌했습니다,1
이전,1
균형,1
친절할수있는,1
전화번호,1
그럴수있다,1
사람인,1
이상은,1
텀블러,1
세팅,1
구전,1
쿠팡,1
플레이어,1
연속,1
네이버,1
가능하다고하셔서,1
읍내,1
최대로,1
넓었서,1
비합리적,1
원조,1
국한,1
있었다면,1
만족스러웠을,1
아메리칸,1
고구마,1
쌀쌀했는데,1
가능하게,1
따뜻히게,1
착하였으나,1
걸음,1
맥도날드,1
러프,1
깜깜,1
필요하면사,1
고산,1
말벌,1
모이,1
무서웠습니다,1
최소,1
습한거,1
박하는,1
초행길,1
운봉읍,1
세븐일레븐,1
설전,1
요망,1
인세,1
국도,1
쪽뷰,1
한오,1
요건,1
없다는데,1
미쳤습니다,1
역대,1
설치는데거의,1
뒷문,1
등산로,1
서산,1
맛보기,1
깨끗하게안,1
지아,1
역하게,1
찝찝해서,1
썩맘,1
